[
	{
		"Product": "HT-1069",
		"Quantity": "9",
		"QuantityUnit": "EA",
		"StockAvailability": 2
	},
	{
		"Product": "HT-1022",
		"Quantity": "143",
		"QuantityUnit": "EA",
		"StockAvailability": 3
	},
	{
		"Product": "HT-1603",
		"Quantity": "148",
		"QuantityUnit": "EA",
		"StockAvailability": 3
	},
	{
		"Product": "HT-1030",
		"Quantity": "143",
		"QuantityUnit": "EA",
		"StockAvailability": 3
	},
	{
		"Product": "HT-1072",
		"Quantity": "1",
		"QuantityUnit": "EA",
		"StockAvailability": 2
	},
	{
		"Product": "HT-1042",
		"Quantity": "0",
		"QuantityUnit": "EA",
		"StockAvailability": 1
	},
	{
		"Product": "HT-1112",
		"Quantity": "149",
		"QuantityUnit": "EA",
		"StockAvailability": 3
	},
	{
		"Product": "HT-1050",
		"Quantity": "0",
		"QuantityUnit": "EA",
		"StockAvailability": 1
	},
	{
		"Product": "HT-1083",
		"Quantity": "2",
		"QuantityUnit": "EA",
		"StockAvailability": 2
	},
	{
		"Product": "HT-1020",
		"Quantity": "147",
		"QuantityUnit": "EA",
		"StockAvailability": 3
	},
	{
		"Product": "HT-2026",
		"Quantity": "143",
		"QuantityUnit": "EA",
		"StockAvailability": 3
	},
	{
		"Product": "HT-1031",
		"Quantity": "133",
		"QuantityUnit": "EA",
		"StockAvailability": 3
	},
	{
		"Product": "HT-1060",
		"Quantity": "0",
		"QuantityUnit": "EA",
		"StockAvailability": 1
	},
	{
		"Product": "HT-2002",
		"Quantity": "121",
		"QuantityUnit": "EA",
		"StockAvailability": 3
	},
	{
		"Product": "HT-2000",
		"Quantity": "130",
		"QuantityUnit": "EA",
		"StockAvailability": 3
	},
	{
		"Product": "PF-1000",
		"Quantity": "143",
		"QuantityUnit": "EA",
		"StockAvailability": 3
	},
	{
		"Product": "HT-1095",
		"Quantity": "150",
		"QuantityUnit": "EA",
		"StockAvailability": 3
	},
	{
		"Product": "HT-1105",
		"Quantity": "135",
		"QuantityUnit": "EA",
		"StockAvailability": 3
	},
	{
		"Product": "HT-1000",
		"Quantity": "149",
		"QuantityUnit": "EA",
		"StockAvailability": 3
	},
	{
		"Product": "HT-1500",
		"Quantity": "147",
		"QuantityUnit": "EA",
		"StockAvailability": 3
	},
	{
		"Product": "HT-1097",
		"Quantity": "145",
		"QuantityUnit": "EA",
		"StockAvailability": 3
	},
	{
		"Product": "HT-1602",
		"Quantity": "139",
		"QuantityUnit": "EA",
		"StockAvailability": 3
	},
	{
		"Product": "HT-1070",
		"Quantity": "3",
		"QuantityUnit": "EA",
		"StockAvailability": 2
	},
	{
		"Product": "HT-1081",
		"Quantity": "4",
		"QuantityUnit": "EA",
		"StockAvailability": 2
	},
	{
		"Product": "HT-9996",
		"Quantity": "142",
		"QuantityUnit": "EA",
		"StockAvailability": 3
	},
	{
		"Product": "HT-1052",
		"Quantity": "0",
		"QuantityUnit": "EA",
		"StockAvailability": 1
	},
	{
		"Product": "HT-1113",
		"Quantity": "135",
		"QuantityUnit": "EA",
		"StockAvailability": 3
	},
	{
		"Product": "HT-1116",
		"Quantity": "137",
		"QuantityUnit": "EA",
		"StockAvailability": 3
	},
	{
		"Product": "HT-6123",
		"Quantity": "145",
		"QuantityUnit": "EA",
		"StockAvailability": 3
	},
	{
		"Product": "HT-1096",
		"Quantity": "149",
		"QuantityUnit": "EA",
		"StockAvailability": 3
	},
	{
		"Product": "HT-6120",
		"Quantity": "143",
		"QuantityUnit": "EA",
		"StockAvailability": 3
	},
	{
		"Product": "HT-1023",
		"Quantity": "150",
		"QuantityUnit": "EA",
		"StockAvailability": 3
	},
	{
		"Product": "HT-1101",
		"Quantity": "8",
		"QuantityUnit": "EA",
		"StockAvailability": 2
	},
	{
		"Product": "HT-1502",
		"Quantity": "148",
		"QuantityUnit": "EA",
		"StockAvailability": 3
	},
	{
		"Product": "HT-1254",
		"Quantity": "137",
		"QuantityUnit": "EA",
		"StockAvailability": 3
	},
	{
		"Product": "HT-1055",
		"Quantity": "0",
		"QuantityUnit": "EA",
		"StockAvailability": 1
	},
	{
		"Product": "HT-1091",
		"Quantity": "2",
		"QuantityUnit": "EA",
		"StockAvailability": 2
	},
	{
		"Product": "HT-1090",
		"Quantity": "4",
		"QuantityUnit": "EA",
		"StockAvailability": 2
	},
	{
		"Product": "HT-9992",
		"Quantity": "119",
		"QuantityUnit": "EA",
		"StockAvailability": 3
	},
	{
		"Product": "HT-2027",
		"Quantity": "146",
		"QuantityUnit": "EA",
		"StockAvailability": 3
	},
	{
		"Product": "HT-1001",
		"Quantity": "138",
		"QuantityUnit": "EA",
		"StockAvailability": 3
	},
	{
		"Product": "HT-8000",
		"Quantity": "142",
		"QuantityUnit": "EA",
		"StockAvailability": 3
	},
	{
		"Product": "HT-6131",
		"Quantity": "142",
		"QuantityUnit": "EA",
		"StockAvailability": 3
	},
	{
		"Product": "HT-1501",
		"Quantity": "150",
		"QuantityUnit": "EA",
		"StockAvailability": 3
	},
	{
		"Product": "HT-7010",
		"Quantity": "107",
		"QuantityUnit": "EA",
		"StockAvailability": 3
	},
	{
		"Product": "HT-9997",
		"Quantity": "145",
		"QuantityUnit": "EA",
		"StockAvailability": 3
	},
	{
		"Product": "HT-1100",
		"Quantity": "5",
		"QuantityUnit": "EA",
		"StockAvailability": 2
	},
	{
		"Product": "HT-1073",
		"Quantity": "2",
		"QuantityUnit": "EA",
		"StockAvailability": 2
	},
	{
		"Product": "HT-1061",
		"Quantity": "0",
		"QuantityUnit": "EA",
		"StockAvailability": 1
	},
	{
		"Product": "HT-1092",
		"Quantity": "7",
		"QuantityUnit": "EA",
		"StockAvailability": 2
	},
	{
		"Product": "HT-1041",
		"Quantity": "134",
		"QuantityUnit": "EA",
		"StockAvailability": 3
	},
	{
		"Product": "HT-1011",
		"Quantity": "132",
		"QuantityUnit": "EA",
		"StockAvailability": 3
	},
	{
		"Product": "HT-7000",
		"Quantity": "144",
		"QuantityUnit": "EA",
		"StockAvailability": 3
	},
	{
		"Product": "HT-1103",
		"Quantity": "149",
		"QuantityUnit": "EA",
		"StockAvailability": 3
	},
	{
		"Product": "HT-8003",
		"Quantity": "149",
		"QuantityUnit": "EA",
		"StockAvailability": 3
	},
	{
		"Product": "HT-1067",
		"Quantity": "133",
		"QuantityUnit": "EA",
		"StockAvailability": 3
	},
	{
		"Product": "HT-1035",
		"Quantity": "138",
		"QuantityUnit": "EA",
		"StockAvailability": 3
	},
	{
		"Product": "HT-6122",
		"Quantity": "147",
		"QuantityUnit": "EA",
		"StockAvailability": 3
	},
	{
		"Product": "HT-1056",
		"Quantity": "0",
		"QuantityUnit": "EA",
		"StockAvailability": 1
	},
	{
		"Product": "HT-1255",
		"Quantity": "147",
		"QuantityUnit": "EA",
		"StockAvailability": 3
	},
	{
		"Product": "HT-1051",
		"Quantity": "0",
		"QuantityUnit": "EA",
		"StockAvailability": 1
	},
	{
		"Product": "HT-1117",
		"Quantity": "147",
		"QuantityUnit": "EA",
		"StockAvailability": 3
	},
	{
		"Product": "HT-1115",
		"Quantity": "138",
		"QuantityUnit": "EA",
		"StockAvailability": 3
	},
	{
		"Product": "HT-1080",
		"Quantity": "8",
		"QuantityUnit": "EA",
		"StockAvailability": 2
	},
	{
		"Product": "HT-2025",
		"Quantity": "130",
		"QuantityUnit": "EA",
		"StockAvailability": 3
	},
	{
		"Product": "HT-1082",
		"Quantity": "7",
		"QuantityUnit": "EA",
		"StockAvailability": 2
	},
	{
		"Product": "HT-9993",
		"Quantity": "139",
		"QuantityUnit": "EA",
		"StockAvailability": 3
	},
	{
		"Product": "HT-8001",
		"Quantity": "141",
		"QuantityUnit": "EA",
		"StockAvailability": 3
	},
	{
		"Product": "HT-7030",
		"Quantity": "139",
		"QuantityUnit": "EA",
		"StockAvailability": 3
	},
	{
		"Product": "HT-1040",
		"Quantity": "144",
		"QuantityUnit": "EA",
		"StockAvailability": 3
	},
	{
		"Product": "HT-6100",
		"Quantity": "148",
		"QuantityUnit": "EA",
		"StockAvailability": 3
	},
	{
		"Product": "HT-1120",
		"Quantity": "139",
		"QuantityUnit": "EA",
		"StockAvailability": 3
	},
	{
		"Product": "HT-9994",
		"Quantity": "145",
		"QuantityUnit": "EA",
		"StockAvailability": 3
	},
	{
		"Product": "HT-1252",
		"Quantity": "147",
		"QuantityUnit": "EA",
		"StockAvailability": 3
	},
	{
		"Product": "HT-1114",
		"Quantity": "149",
		"QuantityUnit": "EA",
		"StockAvailability": 3
	},
	{
		"Product": "HT-1257",
		"Quantity": "140",
		"QuantityUnit": "EA",
		"StockAvailability": 3
	},
	{
		"Product": "HT-1258",
		"Quantity": "149",
		"QuantityUnit": "EA",
		"StockAvailability": 3
	},
	{
		"Product": "HT-1032",
		"Quantity": "150",
		"QuantityUnit": "EA",
		"StockAvailability": 3
	},
	{
		"Product": "HT-6132",
		"Quantity": "145",
		"QuantityUnit": "EA",
		"StockAvailability": 3
	},
	{
		"Product": "HT-1036",
		"Quantity": "146",
		"QuantityUnit": "EA",
		"StockAvailability": 3
	},
	{
		"Product": "HT-1002",
		"Quantity": "150",
		"QuantityUnit": "EA",
		"StockAvailability": 3
	},
	{
		"Product": "HT-1110",
		"Quantity": "148",
		"QuantityUnit": "EA",
		"StockAvailability": 3
	},
	{
		"Product": "HT-9999",
		"Quantity": "146",
		"QuantityUnit": "EA",
		"StockAvailability": 3
	},
	{
		"Product": "HT-1111",
		"Quantity": "146",
		"QuantityUnit": "EA",
		"StockAvailability": 3
	},
	{
		"Product": "HT-1137",
		"Quantity": "149",
		"QuantityUnit": "EA",
		"StockAvailability": 3
	},
	{
		"Product": "HT-1062",
		"Quantity": "0",
		"QuantityUnit": "EA",
		"StockAvailability": 1
	},
	{
		"Product": "HT-1066",
		"Quantity": "147",
		"QuantityUnit": "EA",
		"StockAvailability": 3
	},
	{
		"Product": "HT-1104",
		"Quantity": "146",
		"QuantityUnit": "EA",
		"StockAvailability": 3
	},
	{
		"Product": "HT-1007",
		"Quantity": "136",
		"QuantityUnit": "EA",
		"StockAvailability": 3
	},
	{
		"Product": "HT-1118",
		"Quantity": "140",
		"QuantityUnit": "EA",
		"StockAvailability": 3
	},
	{
		"Product": "HT-9995",
		"Quantity": "133",
		"QuantityUnit": "EA",
		"StockAvailability": 3
	},
	{
		"Product": "HT-1102",
		"Quantity": "146",
		"QuantityUnit": "EA",
		"StockAvailability": 3
	},
	{
		"Product": "HT-6111",
		"Quantity": "149",
		"QuantityUnit": "EA",
		"StockAvailability": 3
	},
	{
		"Product": "HT-1021",
		"Quantity": "146",
		"QuantityUnit": "EA",
		"StockAvailability": 3
	},
	{
		"Product": "HT-1003",
		"Quantity": "150",
		"QuantityUnit": "EA",
		"StockAvailability": 3
	},
	{
		"Product": "HT-1601",
		"Quantity": "139",
		"QuantityUnit": "EA",
		"StockAvailability": 3
	},
	{
		"Product": "HT-6110",
		"Quantity": "143",
		"QuantityUnit": "EA",
		"StockAvailability": 3
	},
	{
		"Product": "HT-1256",
		"Quantity": "145",
		"QuantityUnit": "EA",
		"StockAvailability": 3
	},
	{
		"Product": "HT-6101",
		"Quantity": "140",
		"QuantityUnit": "EA",
		"StockAvailability": 3
	},
	{
		"Product": "HT-1253",
		"Quantity": "149",
		"QuantityUnit": "EA",
		"StockAvailability": 3
	},
	{
		"Product": "HT-1068",
		"Quantity": "131",
		"QuantityUnit": "EA",
		"StockAvailability": 3
	},
	{
		"Product": "HT-9998",
		"Quantity": "140",
		"QuantityUnit": "EA",
		"StockAvailability": 3
	},
	{
		"Product": "HT-1119",
		"Quantity": "146",
		"QuantityUnit": "EA",
		"StockAvailability": 3
	},
	{
		"Product": "HT-9991",
		"Quantity": "149",
		"QuantityUnit": "EA",
		"StockAvailability": 3
	},
	{
		"Product": "HT-1010",
		"Quantity": "150",
		"QuantityUnit": "EA",
		"StockAvailability": 3
	},
	{
		"Product": "HT-7020",
		"Quantity": "150",
		"QuantityUnit": "EA",
		"StockAvailability": 3
	},
	{
		"Product": "HT-1064",
		"Quantity": "0",
		"QuantityUnit": "EA",
		"StockAvailability": 1
	},
	{
		"Product": "HT-1600",
		"Quantity": "149",
		"QuantityUnit": "EA",
		"StockAvailability": 3
	},
	{
		"Product": "HT-8002",
		"Quantity": "150",
		"QuantityUnit": "EA",
		"StockAvailability": 3
	},
	{
		"Product": "HT-1210",
		"Quantity": "145",
		"QuantityUnit": "EA",
		"StockAvailability": 3
	},
	{
		"Product": "HT-6130",
		"Quantity": "116",
		"QuantityUnit": "EA",
		"StockAvailability": 3
	},
	{
		"Product": "HT-6121",
		"Quantity": "150",
		"QuantityUnit": "EA",
		"StockAvailability": 3
	},
	{
		"Product": "HT-1138",
		"Quantity": "150",
		"QuantityUnit": "EA",
		"StockAvailability": 3
	},
	{
		"Product": "HT-1071",
		"Quantity": "5",
		"QuantityUnit": "EA",
		"StockAvailability": 2
	},
	{
		"Product": "HT-1107",
		"Quantity": "142",
		"QuantityUnit": "EA",
		"StockAvailability": 3
	},
	{
		"Product": "HT-1065",
		"Quantity": "147",
		"QuantityUnit": "EA",
		"StockAvailability": 3
	},
	{
		"Product": "HT-1037",
		"Quantity": "130",
		"QuantityUnit": "EA",
		"StockAvailability": 3
	},
	{
		"Product": "HT-1085",
		"Quantity": "1",
		"QuantityUnit": "EA",
		"StockAvailability": 2
	},
	{
		"Product": "HT-6102",
		"Quantity": "150",
		"QuantityUnit": "EA",
		"StockAvailability": 3
	},
	{
		"Product": "HT-1106",
		"Quantity": "148",
		"QuantityUnit": "EA",
		"StockAvailability": 3
	},
	{
		"Product": "HT-1063",
		"Quantity": "0",
		"QuantityUnit": "EA",
		"StockAvailability": 1
	},
	{
		"Product": "HT-2001",
		"Quantity": "140",
		"QuantityUnit": "EA",
		"StockAvailability": 3
	},
	{
		"Product": "HT-1251",
		"Quantity": "134",
		"QuantityUnit": "EA",
		"StockAvailability": 3
	}
]