[
	{
		"Product": "HT-1001",
		"Supplier": "100000001",
		"SupplierName": "Becker Berlin",
		"ProductName": "Notebook Basic 17",
		"ProductDescription": "Notebook Basic 17 with 2,80 GHz quad core, 17\" LCD, 4 GB DDR3 RAM, 500 GB Hard Disc, Windows 8 Pro",
		"ProductPictureURL": "../localService/mockdata/images/HT-1001.jpg",
		"Price": "1249.00",
		"Currency": "USD",
		"AverageRatingValue": "2.71",
		"NumberOfReviewPosts": 7,
		"LastSoldDateTime": null
	},
	{
		"Product": "HT-1002",
		"Supplier": "100000002",
		"SupplierName": "DelBont Industries",
		"ProductName": "Notebook Basic 18",
		"ProductDescription": "Notebook Basic 18 with 2,80 GHz quad core, 18\" LCD, 8 GB DDR3 RAM, 1000 GB Hard Disc, Windows 8 Pro",
		"ProductPictureURL": "../localService/mockdata/images/HT-1002.jpg",
		"Price": "1570.00",
		"Currency": "USD",
		"AverageRatingValue": "2.93",
		"NumberOfReviewPosts": 15,
		"LastSoldDateTime": null
	},
	{
		"Product": "HT-1003",
		"Supplier": "100000003",
		"SupplierName": "Talpa",
		"ProductName": "Notebook Basic 19",
		"ProductDescription": "Notebook Basic 19 with 2,80 GHz quad core, 19\" LCD, 8 GB DDR3 RAM, 1000 GB Hard Disc, Windows 8 Pro",
		"ProductPictureURL": "../localService/mockdata/images/HT-1003.jpg",
		"Price": "1650.00",
		"Currency": "USD",
		"AverageRatingValue": "3.11",
		"NumberOfReviewPosts": 9,
		"LastSoldDateTime": null
	},
	{
		"Product": "HT-1007",
		"Supplier": "100000004",
		"SupplierName": "Panorama Studios",
		"ProductName": "ITelO Vault",
		"ProductDescription": "Digital Organizer with State-of-the-Art Storage Encryption",
		"ProductPictureURL": "../localService/mockdata/images/HT-1007.jpg",
		"Price": "299.00",
		"Currency": "USD",
		"AverageRatingValue": "2.64",
		"NumberOfReviewPosts": 11,
		"LastSoldDateTime": null
	},
	{
		"Product": "HT-1010",
		"Supplier": "100000005",
		"SupplierName": "TECUM",
		"ProductName": "Notebook Professional 15",
		"ProductDescription": "Notebook Professional 15 with 2,80 GHz quad core, 15\" Multitouch LCD, 8 GB DDR3 RAM, 500 GB SSD - DVD-Writer (DVD-R/+R/-RW/-RAM),Windows 8 Pro",
		"ProductPictureURL": "../localService/mockdata/images/HT-1010.jpg",
		"Price": "1999.00",
		"Currency": "USD",
		"AverageRatingValue": "2.17",
		"NumberOfReviewPosts": 6,
		"LastSoldDateTime": null
	},
	{
		"Product": "HT-1011",
		"Supplier": "100000006",
		"SupplierName": "Asia High tech",
		"ProductName": "Notebook Professional 17",
		"ProductDescription": "Notebook Professional 17 with 2,80 GHz quad core, 17\" Multitouch LCD, 8 GB DDR3 RAM, 500 GB SSD - DVD-Writer (DVD-R/+R/-RW/-RAM),Windows 8 Pro",
		"ProductPictureURL": "../localService/mockdata/images/HT-1011.jpg",
		"Price": "2299.00",
		"Currency": "USD",
		"AverageRatingValue": "3.08",
		"NumberOfReviewPosts": 12,
		"LastSoldDateTime": null
	},
	{
		"Product": "HT-1030",
		"Supplier": "100000011",
		"SupplierName": "Alpine Systems",
		"ProductName": "Ergo Screen E-I",
		"ProductDescription": "Optimum Hi-Resolution max. 1920 x 1080 @ 85Hz, Dot Pitch: 0.27mm",
		"ProductPictureURL": "../localService/mockdata/images/HT-1030.jpg",
		"Price": "230.00",
		"Currency": "USD",
		"AverageRatingValue": "2.67",
		"NumberOfReviewPosts": 15,
		"LastSoldDateTime": null
	},
	{
		"Product": "HT-1031",
		"Supplier": "100000012",
		"SupplierName": "New Line Design",
		"ProductName": "Ergo Screen E-II",
		"ProductDescription": "Optimum Hi-Resolution max. 1920 x 1200 @ 85Hz, Dot Pitch: 0.26mm",
		"ProductPictureURL": "../localService/mockdata/images/HT-1031.jpg",
		"Price": "285.00",
		"Currency": "USD",
		"AverageRatingValue": "3.17",
		"NumberOfReviewPosts": 12,
		"LastSoldDateTime": null
	},
	{
		"Product": "HT-1032",
		"Supplier": "100000013",
		"SupplierName": "HEPA Tec",
		"ProductName": "Ergo Screen E-III",
		"ProductDescription": "Optimum Hi-Resolution max. 2560 x 1440 @ 85Hz, Dot Pitch: 0.25mm",
		"ProductPictureURL": "../localService/mockdata/images/HT-1032.jpg",
		"Price": "345.00",
		"Currency": "USD",
		"AverageRatingValue": "2.67",
		"NumberOfReviewPosts": 12,
		"LastSoldDateTime": null
	},
	{
		"Product": "HT-1091",
		"Supplier": "100000000",
		"SupplierName": "SAP",
		"ProductName": "Blaster Extreme",
		"ProductDescription": "PC multimedia speakers - 10 Watt (Total) - 2-way",
		"ProductPictureURL": "../localService/mockdata/images/HT-1091.jpg",
		"Price": "26.00",
		"Currency": "USD",
		"AverageRatingValue": "2.43",
		"NumberOfReviewPosts": 7,
		"LastSoldDateTime": null
	},
	{
		"Product": "HT-6130",
		"Supplier": "100000026",
		"SupplierName": "Vente Et Réparation de Ordinateur",
		"ProductName": "Flat Watch HD32",
		"ProductDescription": "32-inch, 1366x768 Pixel, 16:9, HDTV ready",
		"ProductPictureURL": "../localService/mockdata/images/HT-6130.jpg",
		"Price": "1459.00",
		"Currency": "USD",
		"AverageRatingValue": "3.00",
		"NumberOfReviewPosts": 10,
		"LastSoldDateTime": null
	},
	{
		"Product": "HT-6131",
		"Supplier": "100000027",
		"SupplierName": "Developement Para O Governo",
		"ProductName": "Flat Watch HD37",
		"ProductDescription": "37-inch, 1366x768 Pixel, 16:9, HDTV ready",
		"ProductPictureURL": "../localService/mockdata/images/HT-6131.jpg",
		"Price": "1199.00",
		"Currency": "USD",
		"AverageRatingValue": "2.92",
		"NumberOfReviewPosts": 12,
		"LastSoldDateTime": null
	},
	{
		"Product": "HT-6132",
		"Supplier": "100000028",
		"SupplierName": "Brazil Technologies",
		"ProductName": "Flat Watch HD41",
		"ProductDescription": "41-inch, 1366x768 Pixel, 16:9, HDTV ready",
		"ProductPictureURL": "../localService/mockdata/images/HT-6132.jpg",
		"Price": "899.00",
		"Currency": "USD",
		"AverageRatingValue": "0.00",
		"NumberOfReviewPosts": 0,
		"LastSoldDateTime": null
	},
	{
		"Product": "HT-7030",
		"Supplier": "100000029",
		"SupplierName": "C.R.T.U.",
		"ProductName": "Platinberry",
		"ProductDescription": "Our new multifunctional Handheld with phone function in platinum",
		"ProductPictureURL": "../localService/mockdata/images/HT-7030.jpg",
		"Price": "549.00",
		"Currency": "USD",
		"AverageRatingValue": "3.67",
		"NumberOfReviewPosts": 3,
		"LastSoldDateTime": null
	},
	{
		"Product": "HT-7020",
		"Supplier": "100000030",
		"SupplierName": "Jologa",
		"ProductName": "Goldberry",
		"ProductDescription": "Our new multifunctional Handheld with phone function in gold",
		"ProductPictureURL": "../localService/mockdata/images/HT-7020.jpg",
		"Price": "549.00",
		"Currency": "USD",
		"AverageRatingValue": "1.80",
		"NumberOfReviewPosts": 5,
		"LastSoldDateTime": null
	},
	{
		"Product": "HT-7010",
		"Supplier": "100000031",
		"SupplierName": "Baleda",
		"ProductName": "Silverberry",
		"ProductDescription": "Our new multifunctional Handheld with phone function in silver",
		"ProductPictureURL": "../localService/mockdata/images/HT-7010.jpg",
		"Price": "549.00",
		"Currency": "USD",
		"AverageRatingValue": "3.33",
		"NumberOfReviewPosts": 6,
		"LastSoldDateTime": null
	},
	{
		"Product": "HT-7000",
		"Supplier": "100000032",
		"SupplierName": "Angeré",
		"ProductName": "Copperberry",
		"ProductDescription": "Our new multifunctional Handheld with phone function in copper",
		"ProductPictureURL": "../localService/mockdata/images/HT-7000.jpg",
		"Price": "549.00",
		"Currency": "USD",
		"AverageRatingValue": "2.67",
		"NumberOfReviewPosts": 3,
		"LastSoldDateTime": null
	},
	{
		"Product": "HT-1095",
		"Supplier": "100000033",
		"SupplierName": "PC Gym Tec",
		"ProductName": "Lovely Sound 5.1 Wireless",
		"ProductDescription": "5.1 Headset, 40 Hz-20 kHz, Wireless",
		"ProductPictureURL": "../localService/mockdata/images/HT-1095.jpg",
		"Price": "49.00",
		"Currency": "USD",
		"AverageRatingValue": "3.21",
		"NumberOfReviewPosts": 14,
		"LastSoldDateTime": null
	},
	{
		"Product": "HT-1096",
		"Supplier": "100000034",
		"SupplierName": "Japan Insurance Partner",
		"ProductName": "Lovely Sound 5.1",
		"ProductDescription": "5.1 Headset, 40 Hz-20 kHz, 3m cable",
		"ProductPictureURL": "../localService/mockdata/images/HT-1096.jpg",
		"Price": "39.00",
		"Currency": "USD",
		"AverageRatingValue": "3.75",
		"NumberOfReviewPosts": 4,
		"LastSoldDateTime": null
	},
	{
		"Product": "HT-1097",
		"Supplier": "100000035",
		"SupplierName": "Entertainment Argentinia",
		"ProductName": "Lovely Sound Stereo",
		"ProductDescription": "5.1 Headset, 40 Hz-20 kHz, 1m cable",
		"ProductPictureURL": "../localService/mockdata/images/HT-1097.jpg",
		"Price": "29.00",
		"Currency": "USD",
		"AverageRatingValue": "3.55",
		"NumberOfReviewPosts": 11,
		"LastSoldDateTime": null
	},
	{
		"Product": "HT-6123",
		"Supplier": "100000036",
		"SupplierName": "African Gold And Diamond Corporation",
		"ProductName": "Power Pro Player 80",
		"ProductDescription": "MP3-Player with 80 GB SSD and Color Display, can play movies",
		"ProductPictureURL": "../localService/mockdata/images/HT-6123.jpg",
		"Price": "299.00",
		"Currency": "USD",
		"AverageRatingValue": "2.75",
		"NumberOfReviewPosts": 4,
		"LastSoldDateTime": null
	},
	{
		"Product": "HT-6122",
		"Supplier": "100000037",
		"SupplierName": "PicoBit",
		"ProductName": "Power Pro Player 40",
		"ProductDescription": "MP3-Player with 40 GB HDD and Color Display, can play movies",
		"ProductPictureURL": "../localService/mockdata/images/HT-6122.jpg",
		"Price": "167.00",
		"Currency": "USD",
		"AverageRatingValue": "2.25",
		"NumberOfReviewPosts": 8,
		"LastSoldDateTime": null
	},
	{
		"Product": "HT-6121",
		"Supplier": "100000038",
		"SupplierName": "Bionic Research Lab",
		"ProductName": "ITelo Jog-Mate",
		"ProductDescription": "ITelo Jog-Mate 64 GB HDD and Color Display, can play movies",
		"ProductPictureURL": "../localService/mockdata/images/HT-6121.jpg",
		"Price": "63.00",
		"Currency": "USD",
		"AverageRatingValue": "3.33",
		"NumberOfReviewPosts": 6,
		"LastSoldDateTime": null
	},
	{
		"Product": "HT-6120",
		"Supplier": "100000039",
		"SupplierName": "Indian IT Trading Company",
		"ProductName": "ITelo MusicStick",
		"ProductDescription": "64 GB USB Music-on-a-Stick",
		"ProductPictureURL": "../localService/mockdata/images/HT-6120.jpg",
		"Price": "45.00",
		"Currency": "USD",
		"AverageRatingValue": "0.00",
		"NumberOfReviewPosts": 0,
		"LastSoldDateTime": null
	},
	{
		"Product": "HT-6111",
		"Supplier": "100000040",
		"SupplierName": "Chemia A Technicznie Fabryka",
		"ProductName": "Record Movie",
		"ProductDescription": "160 GB HDD, CD-RW, DVD+R/RW, DVD-R/RW, MPEG 2 (Video-DVD), MPEG 4, VCD, SVCD, DivX, Xvid",
		"ProductPictureURL": "../localService/mockdata/images/HT-6111.jpg",
		"Price": "288.00",
		"Currency": "USD",
		"AverageRatingValue": "3.00",
		"NumberOfReviewPosts": 6,
		"LastSoldDateTime": null
	},
	{
		"Product": "HT-6110",
		"Supplier": "100000041",
		"SupplierName": "South American IT Company",
		"ProductName": "Play Movie",
		"ProductDescription": "CD-RW, DVD+R/RW, DVD-R/RW, MPEG 2 (Video-DVD), MPEG 4, VCD, SVCD, DivX, Xvid",
		"ProductPictureURL": "../localService/mockdata/images/HT-6110.jpg",
		"Price": "130.00",
		"Currency": "USD",
		"AverageRatingValue": "3.70",
		"NumberOfReviewPosts": 10,
		"LastSoldDateTime": null
	},
	{
		"Product": "HT-6102",
		"Supplier": "100000042",
		"SupplierName": "Siwusha",
		"ProductName": "Beam Breaker B-3",
		"ProductDescription": "1080p, DLP max. 12,3 Meter, 3D-ready",
		"ProductPictureURL": "../localService/mockdata/images/HT-6102.jpg",
		"Price": "889.00",
		"Currency": "USD",
		"AverageRatingValue": "3.86",
		"NumberOfReviewPosts": 7,
		"LastSoldDateTime": null
	},
	{
		"Product": "HT-6101",
		"Supplier": "100000043",
		"SupplierName": "Danish Fish Trading Company",
		"ProductName": "Beam Breaker B-2",
		"ProductDescription": "1080p, DLP max.9,34 Meter, 2D-ready",
		"ProductPictureURL": "../localService/mockdata/images/HT-6101.jpg",
		"Price": "679.00",
		"Currency": "USD",
		"AverageRatingValue": "4.00",
		"NumberOfReviewPosts": 1,
		"LastSoldDateTime": null
	},
	{
		"Product": "HT-2002",
		"Supplier": "100000044",
		"SupplierName": "Sorali",
		"ProductName": "Portable DVD Player with 9\" LCD Monitor",
		"ProductDescription": "9\" LCD Screen, storage holds up to 8 hours, 2 speakers included",
		"ProductPictureURL": "../localService/mockdata/images/HT-2002.jpg",
		"Price": "853.99",
		"Currency": "USD",
		"AverageRatingValue": "3.83",
		"NumberOfReviewPosts": 6,
		"LastSoldDateTime": null
	},
	{
		"Product": "HT-6100",
		"Supplier": "100000000",
		"SupplierName": "SAP",
		"ProductName": "Beam Breaker B-1",
		"ProductDescription": "720p, DLP Projector max. 8,45 Meter, 2D",
		"ProductPictureURL": "../localService/mockdata/images/HT-6100.jpg",
		"Price": "469.00",
		"Currency": "USD",
		"AverageRatingValue": "3.64",
		"NumberOfReviewPosts": 11,
		"LastSoldDateTime": null
	},
	{
		"Product": "HT-2027",
		"Supplier": "100000001",
		"SupplierName": "Becker Berlin",
		"ProductName": "Removable CD/DVD Laser Labels",
		"ProductDescription": "Removable jewel case labels, zero residues (100)",
		"ProductPictureURL": "../localService/mockdata/images/HT-2027.jpg",
		"Price": "8.99",
		"Currency": "USD",
		"AverageRatingValue": "2.75",
		"NumberOfReviewPosts": 4,
		"LastSoldDateTime": null
	},
	{
		"Product": "HT-2026",
		"Supplier": "100000002",
		"SupplierName": "DelBont Industries",
		"ProductName": "Audio/Video Cable Kit - 4m",
		"ProductDescription": "Quality cables for notebooks and projectors",
		"ProductPictureURL": "../localService/mockdata/images/HT-2026.jpg",
		"Price": "29.99",
		"Currency": "USD",
		"AverageRatingValue": "2.50",
		"NumberOfReviewPosts": 2,
		"LastSoldDateTime": null
	},
	{
		"Product": "HT-2025",
		"Supplier": "100000003",
		"SupplierName": "Talpa",
		"ProductName": "CD/DVD case: 264 sleeves",
		"ProductDescription": "Organizer and protective case for 264 CDs and DVDs",
		"ProductPictureURL": "../localService/mockdata/images/HT-2025.jpg",
		"Price": "44.99",
		"Currency": "USD",
		"AverageRatingValue": "3.86",
		"NumberOfReviewPosts": 7,
		"LastSoldDateTime": null
	},
	{
		"Product": "HT-1603",
		"Supplier": "100000006",
		"SupplierName": "Asia High tech",
		"ProductName": "Gaming Monster Pro",
		"ProductDescription": "3,4 Ghz quad core, 16 GB DDR3 SDRAM, 4000 GB Hard Disc, Graphic Card: Hurricane GX, Windows 8",
		"ProductPictureURL": "../localService/mockdata/images/HT-1603.jpg",
		"Price": "1700.00",
		"Currency": "USD",
		"AverageRatingValue": "3.13",
		"NumberOfReviewPosts": 8,
		"LastSoldDateTime": null
	},
	{
		"Product": "HT-1602",
		"Supplier": "100000007",
		"SupplierName": "Laurent",
		"ProductName": "Gaming Monster",
		"ProductDescription": "3,4 Ghz quad core, 8 GB DDR3 SDRAM, 2000 GB Hard Disc, Graphic Card: Gladiator MX, Windows 8",
		"ProductPictureURL": "../localService/mockdata/images/HT-1602.jpg",
		"Price": "1200.00",
		"Currency": "USD",
		"AverageRatingValue": "3.20",
		"NumberOfReviewPosts": 15,
		"LastSoldDateTime": null
	},
	{
		"Product": "HT-1601",
		"Supplier": "100000008",
		"SupplierName": "AVANTEL",
		"ProductName": "Family PC Pro",
		"ProductDescription": "2,8 Ghz dual core, 4 GB DDR3 SDRAM, 1000 GB Hard Disc, Graphic Card: Gladiator MX, Windows 8",
		"ProductPictureURL": "../localService/mockdata/images/HT-1601.jpg",
		"Price": "900.00",
		"Currency": "USD",
		"AverageRatingValue": "3.40",
		"NumberOfReviewPosts": 5,
		"LastSoldDateTime": null
	},
	{
		"Product": "HT-1600",
		"Supplier": "100000009",
		"SupplierName": "Telecomunicaciones Star",
		"ProductName": "Family PC Basic",
		"ProductDescription": "2,8 Ghz dual core, 4 GB DDR3 SDRAM, 500 GB Hard Disc, Graphic Card: Proctra X, Windows 8",
		"ProductPictureURL": "../localService/mockdata/images/HT-1600.jpg",
		"Price": "600.00",
		"Currency": "USD",
		"AverageRatingValue": "3.08",
		"NumberOfReviewPosts": 12,
		"LastSoldDateTime": null
	},
	{
		"Product": "HT-1119",
		"Supplier": "100000010",
		"SupplierName": "Pear Computing Services",
		"ProductName": "Travel Adapter",
		"ProductDescription": "Universal Travel Adapter",
		"ProductPictureURL": "../localService/mockdata/images/HT-1119.jpg",
		"Price": "79.00",
		"Currency": "USD",
		"AverageRatingValue": "2.57",
		"NumberOfReviewPosts": 7,
		"LastSoldDateTime": null
	},
	{
		"Product": "HT-8000",
		"Supplier": "100000011",
		"SupplierName": "Alpine Systems",
		"ProductName": "ITelO FlexTop I4000",
		"ProductDescription": "Notebook with 2,80 GHz dual core, 4 GB DDR3 SDRAM, 500 GB Hard Disc, Windows 8",
		"ProductPictureURL": "../localService/mockdata/images/HT-8000.jpg",
		"Price": "799.00",
		"Currency": "USD",
		"AverageRatingValue": "1.86",
		"NumberOfReviewPosts": 7,
		"LastSoldDateTime": null
	},
	{
		"Product": "HT-8001",
		"Supplier": "100000012",
		"SupplierName": "New Line Design",
		"ProductName": "ITelO FlexTop I6300c",
		"ProductDescription": "Notebook with 2,80 GHz dual core, 8 GB DDR3 SDRAM, 500 GB Hard Disc, Windows 8",
		"ProductPictureURL": "../localService/mockdata/images/HT-8001.jpg",
		"Price": "999.00",
		"Currency": "USD",
		"AverageRatingValue": "3.00",
		"NumberOfReviewPosts": 2,
		"LastSoldDateTime": null
	},
	{
		"Product": "HT-8002",
		"Supplier": "100000013",
		"SupplierName": "HEPA Tec",
		"ProductName": "ITelO FlexTop I9100",
		"ProductDescription": "Notebook with 2,80 GHz quad core, 4 GB DDR3 SDRAM, 1000 GB Hard Disc, Windows 8",
		"ProductPictureURL": "../localService/mockdata/images/HT-8002.jpg",
		"Price": "1199.00",
		"Currency": "USD",
		"AverageRatingValue": "2.92",
		"NumberOfReviewPosts": 13,
		"LastSoldDateTime": null
	},
	{
		"Product": "HT-8003",
		"Supplier": "100000014",
		"SupplierName": "Anav Ideon",
		"ProductName": "ITelO FlexTop I9800",
		"ProductDescription": "Notebook with 2,80 GHz quad core, 8 GB DDR3 SDRAM, 1000 GB Hard Disc, Windows 8",
		"ProductPictureURL": "../localService/mockdata/images/HT-8003.jpg",
		"Price": "1388.00",
		"Currency": "USD",
		"AverageRatingValue": "3.20",
		"NumberOfReviewPosts": 15,
		"LastSoldDateTime": null
	},
	{
		"Product": "PF-1000",
		"Supplier": "100000015",
		"SupplierName": "Robert Brown Entertainment",
		"ProductName": "Flyer",
		"ProductDescription": "Flyer for our product palette",
		"ProductPictureURL": "../localService/mockdata/images/PF-1000.jpg",
		"Price": "0.00",
		"Currency": "USD",
		"AverageRatingValue": "2.50",
		"NumberOfReviewPosts": 2,
		"LastSoldDateTime": null
	},
	{
		"Product": "HT-9999",
		"Supplier": "100000016",
		"SupplierName": "Mexican Oil Trading Company",
		"ProductName": "Maxi Tablet",
		"ProductDescription": "10.1-inch Multitouch HD Screen (1280 x 800), 16GB Internal Memory, Wireless N Wi-Fi; Bluetooth, GPS Enabled, 1GHz Dual-Core Processor",
		"ProductPictureURL": "../localService/mockdata/images/HT-9999.jpg",
		"Price": "749.00",
		"Currency": "USD",
		"AverageRatingValue": "3.50",
		"NumberOfReviewPosts": 2,
		"LastSoldDateTime": null
	},
	{
		"Product": "HT-9998",
		"Supplier": "100000017",
		"SupplierName": "Meliva",
		"ProductName": "Smartphone Beta",
		"ProductDescription": "5 Megapixel Camera, Wi-Fi 802.11 b/g/n, Bluetooth, GPS A-GPS support",
		"ProductPictureURL": "../localService/mockdata/images/HT-9998.jpg",
		"Price": "699.00",
		"Currency": "USD",
		"AverageRatingValue": "3.09",
		"NumberOfReviewPosts": 11,
		"LastSoldDateTime": null
	},
	{
		"Product": "HT-9997",
		"Supplier": "100000018",
		"SupplierName": "Compostela",
		"ProductName": "e-Book Reader ReadMe",
		"ProductDescription": "6-Inch E Ink Screen, Access To e-book Store, Adjustable Font Styles and Sizes, Stores Up To 1,000 Books",
		"ProductPictureURL": "../localService/mockdata/images/HT-9997.jpg",
		"Price": "633.00",
		"Currency": "USD",
		"AverageRatingValue": "3.00",
		"NumberOfReviewPosts": 12,
		"LastSoldDateTime": null
	},
	{
		"Product": "HT-9996",
		"Supplier": "100000019",
		"SupplierName": "Pateu",
		"ProductName": "Tablet Pouch",
		"ProductDescription": "Stylish tablet pouch, protects from scratches, color: black",
		"ProductPictureURL": "../localService/mockdata/images/HT-9996.jpg",
		"Price": "20.00",
		"Currency": "USD",
		"AverageRatingValue": "2.50",
		"NumberOfReviewPosts": 10,
		"LastSoldDateTime": null
	},
	{
		"Product": "HT-9995",
		"Supplier": "100000020",
		"SupplierName": "Russian Electronic Trading Company",
		"ProductName": "Smartphone Cover",
		"ProductDescription": "Durable high quality plastic bump-sleeve, lightweight, protects from scratches, rubber coating, multiple colors available, Accurate design and cut-outs for your device, snap-on design",
		"ProductPictureURL": "../localService/mockdata/images/HT-9995.jpg",
		"Price": "15.00",
		"Currency": "USD",
		"AverageRatingValue": "3.08",
		"NumberOfReviewPosts": 13,
		"LastSoldDateTime": null
	},
	{
		"Product": "HT-9994",
		"Supplier": "100000021",
		"SupplierName": "Florida Holiday Company",
		"ProductName": "Camcorder View",
		"ProductDescription": "1920x1080 Full HD, image stabilization reduces blur, 27x Optical / 32x Extended Zoom, wide angle Lens, 2.7\" wide LCD display",
		"ProductPictureURL": "../localService/mockdata/images/HT-9994.jpg",
		"Price": "1388.00",
		"Currency": "USD",
		"AverageRatingValue": "3.54",
		"NumberOfReviewPosts": 13,
		"LastSoldDateTime": null
	},
	{
		"Product": "HT-9993",
		"Supplier": "100000022",
		"SupplierName": "Quimica Madrilenos",
		"ProductName": "Mini Tablet",
		"ProductDescription": "7 inch 1280x800 HD display (216 ppi), Quad-core processor, 16 GB internal storage, 4325 mAh battery (Up to 8 hours of active use)",
		"ProductPictureURL": "../localService/mockdata/images/HT-9993.jpg",
		"Price": "833.00",
		"Currency": "USD",
		"AverageRatingValue": "3.33",
		"NumberOfReviewPosts": 6,
		"LastSoldDateTime": null
	},
	{
		"Product": "HT-9992",
		"Supplier": "100000023",
		"SupplierName": "Getränkegroßhandel Janssen",
		"ProductName": "Smartphone Alpha",
		"ProductDescription": "7 inch 1280x800 HD display (216 ppi), Quad-core processor, 16 GB internal storage (actual formatted capacity will be less), 4325 mAh battery (Up to 8 hours of active use), white or black",
		"ProductPictureURL": "../localService/mockdata/images/HT-9992.jpg",
		"Price": "599.00",
		"Currency": "USD",
		"AverageRatingValue": "4.11",
		"NumberOfReviewPosts": 9,
		"LastSoldDateTime": null
	},
	{
		"Product": "HT-9991",
		"Supplier": "100000024",
		"SupplierName": "JaTeCo",
		"ProductName": "Smartphone Leather Case",
		"ProductDescription": "Button Clasp, Quality Material, 100% Leather, compatible with many smartphone models",
		"ProductPictureURL": "../localService/mockdata/images/HT-9991.jpg",
		"Price": "25.00",
		"Currency": "USD",
		"AverageRatingValue": "2.75",
		"NumberOfReviewPosts": 12,
		"LastSoldDateTime": null
	},
	{
		"Product": "HT-1258",
		"Supplier": "100000032",
		"SupplierName": "Angeré",
		"ProductName": "Cepat Tablet 8",
		"ProductDescription": "8-inch Multitouch HD Screen (2000 x 1500) 32GB Internal Memory, Wireless N Wi-Fi, Bluetooth, GPS Enabled, 1.5 GHz Quad-Core Processor",
		"ProductPictureURL": "../localService/mockdata/images/HT-1258-FRONT.jpg",
		"Price": "529.00",
		"Currency": "USD",
		"AverageRatingValue": "3.22",
		"NumberOfReviewPosts": 9,
		"LastSoldDateTime": null
	}
]