[
	{
		"Employee": "400000000",
		"Initials": "",
		"GenderCode": "F",
		"GenderIcon": "/sap/public/bc/NWDEMO_MODEL/IMAGES/female.jpg",
		"PreferredLanguage": "EN",
		"SystemUser": "SPRINGS",
		"HomeAddressUUID": "0050568c-901d-1ed7-8de0-7a472741e0f5",
		"EmploymentStartDate": "/Date(946684800000)/",
		"EmploymentEndDate": "/Date(253402214400000)/",
		"SalaryCurrency": "USD",
		"SalaryAmount": "55549.00",
		"EmployeePictureURL": "../localService/mockdata/images/female_8_SpringS.jpg",
		"FullName": "Sally Spring",
		"PhoneNumber": "+1 224 374524",
		"MobilePhoneNumber": "+1 224 9211250",
		"EmailAddress": "sally.spring@itelo.info",
		"FirstName": "Sally",
		"MiddleName": "",
		"LastName": "Spring"
	},
	{
		"Employee": "400000001",
		"Initials": "",
		"GenderCode": "F",
		"GenderIcon": "/sap/public/bc/NWDEMO_MODEL/IMAGES/female.jpg",
		"PreferredLanguage": "EN",
		"SystemUser": "SUMMERS",
		"HomeAddressUUID": "0050568c-901d-1ed7-8de0-7a47274200f5",
		"EmploymentStartDate": "/Date(946684800000)/",
		"EmploymentEndDate": "/Date(253402214400000)/",
		"SalaryCurrency": "USD",
		"SalaryAmount": "76239.00",
		"EmployeePictureURL": "../localService/mockdata/images/female_7_SummerS.jpg",
		"FullName": "Susan Summer",
		"PhoneNumber": "+1 610 6615530",
		"MobilePhoneNumber": "+1 208 4731134",
		"EmailAddress": "susan.summer@itelo.info",
		"FirstName": "Susan",
		"MiddleName": "",
		"LastName": "Summer"
	},
	{
		"Employee": "400000002",
		"Initials": "",
		"GenderCode": "M",
		"GenderIcon": "/sap/public/bc/NWDEMO_MODEL/IMAGES/male.jpg",
		"PreferredLanguage": "EN",
		"SystemUser": "FALLF",
		"HomeAddressUUID": "0050568c-901d-1ed7-8de0-7a47274220f5",
		"EmploymentStartDate": "/Date(946684800000)/",
		"EmploymentEndDate": "/Date(253402214400000)/",
		"SalaryCurrency": "USD",
		"SalaryAmount": "85962.00",
		"EmployeePictureURL": "../localService/mockdata/images/male_2_FallF.jpg",
		"FullName": "Franco Fall",
		"PhoneNumber": "+1 213 6615538",
		"MobilePhoneNumber": "+1 213 4403787",
		"EmailAddress": "franco.fall@itelo.info",
		"FirstName": "Franco",
		"MiddleName": "",
		"LastName": "Fall"
	},
	{
		"Employee": "400000003",
		"Initials": "",
		"GenderCode": "M",
		"GenderIcon": "/sap/public/bc/NWDEMO_MODEL/IMAGES/male.jpg",
		"PreferredLanguage": "EN",
		"SystemUser": "WINTERW",
		"HomeAddressUUID": "0050568c-901d-1ed7-8de0-7a47274240f5",
		"EmploymentStartDate": "/Date(946684800000)/",
		"EmploymentEndDate": "/Date(253402214400000)/",
		"SalaryCurrency": "USD",
		"SalaryAmount": "68597.00",
		"EmployeePictureURL": "../localService/mockdata/images/male_1_WinterW.jpg",
		"FullName": "Walter Winter",
		"PhoneNumber": "+1 415 6991599",
		"MobilePhoneNumber": "+1 415 6991599",
		"EmailAddress": "walter.winter@itelo.info",
		"FirstName": "Walter",
		"MiddleName": "",
		"LastName": "Winter"
	},
	{
		"Employee": "400000004",
		"Initials": "",
		"GenderCode": "F",
		"GenderIcon": "/sap/public/bc/NWDEMO_MODEL/IMAGES/female.jpg",
		"PreferredLanguage": "EN",
		"SystemUser": "HICKSM",
		"HomeAddressUUID": "0050568c-901d-1ed7-8de0-7a47274260f5",
		"EmploymentStartDate": "/Date(946684800000)/",
		"EmploymentEndDate": "/Date(253402214400000)/",
		"SalaryCurrency": "USD",
		"SalaryAmount": "49876.00",
		"EmployeePictureURL": "../localService/mockdata/images/female_10_HicksM.jpg",
		"FullName": "Maria Hicks",
		"PhoneNumber": "+1 212 6539539",
		"MobilePhoneNumber": "+1 347 8218410",
		"EmailAddress": "maria.hicks@itelo.info",
		"FirstName": "Maria",
		"MiddleName": "",
		"LastName": "Hicks"
	},
	{
		"Employee": "400000005",
		"Initials": "",
		"GenderCode": "M",
		"GenderIcon": "/sap/public/bc/NWDEMO_MODEL/IMAGES/male.jpg",
		"PreferredLanguage": "EN",
		"SystemUser": "DASHJ",
		"HomeAddressUUID": "0050568c-901d-1ed7-8de0-7a47274280f5",
		"EmploymentStartDate": "/Date(946684800000)/",
		"EmploymentEndDate": "/Date(253402214400000)/",
		"SalaryCurrency": "USD",
		"SalaryAmount": "72691.00",
		"EmployeePictureURL": "../localService/mockdata/images/male_11_DashJ.jpg",
		"FullName": "John Dash",
		"PhoneNumber": "+1 213 9026319",
		"MobilePhoneNumber": "+1 415 9025208",
		"EmailAddress": "john.dash@itelo.info",
		"FirstName": "John",
		"MiddleName": "",
		"LastName": "Dash"
	},
	{
		"Employee": "400000006",
		"Initials": "",
		"GenderCode": "F",
		"GenderIcon": "/sap/public/bc/NWDEMO_MODEL/IMAGES/female.jpg",
		"PreferredLanguage": "EN",
		"SystemUser": "GAINSV",
		"HomeAddressUUID": "0050568c-901d-1ed7-8de0-7a472742a0f5",
		"EmploymentStartDate": "/Date(946684800000)/",
		"EmploymentEndDate": "/Date(253402214400000)/",
		"SalaryCurrency": "USD",
		"SalaryAmount": "110962.00",
		"EmployeePictureURL": "../localService/mockdata/images/female_2_GainsV.jpg",
		"FullName": "Viola Gains",
		"PhoneNumber": "+1 224 3745225",
		"MobilePhoneNumber": "+1 224 6615526",
		"EmailAddress": "viola.gains@itelo.info",
		"FirstName": "Viola",
		"MiddleName": "Sarah",
		"LastName": "Gains"
	},
	{
		"Employee": "400000007",
		"Initials": "",
		"GenderCode": "M",
		"GenderIcon": "/sap/public/bc/NWDEMO_MODEL/IMAGES/male.jpg",
		"PreferredLanguage": "EN",
		"SystemUser": "GORDONR",
		"HomeAddressUUID": "0050568c-901d-1ed7-8de0-7a472742c0f5",
		"EmploymentStartDate": "/Date(946684800000)/",
		"EmploymentEndDate": "/Date(253402214400000)/",
		"SalaryCurrency": "USD",
		"SalaryAmount": "81463.00",
		"EmployeePictureURL": "../localService/mockdata/images/male_10_GordonR.jpg",
		"FullName": "Randy Gordon",
		"PhoneNumber": "+1 212 5961108",
		"MobilePhoneNumber": "+1 917 8533522",
		"EmailAddress": "randy.gordon@itelo.info",
		"FirstName": "Randy",
		"MiddleName": "",
		"LastName": "Gordon"
	},
	{
		"Employee": "400000008",
		"Initials": "",
		"GenderCode": "M",
		"GenderIcon": "/sap/public/bc/NWDEMO_MODEL/IMAGES/male.jpg",
		"PreferredLanguage": "EN",
		"SystemUser": "BURKEP",
		"HomeAddressUUID": "0050568c-901d-1ed7-8de0-7a472742e0f5",
		"EmploymentStartDate": "/Date(946684800000)/",
		"EmploymentEndDate": "/Date(253402214400000)/",
		"SalaryCurrency": "USD",
		"SalaryAmount": "100491.00",
		"EmployeePictureURL": "../localService/mockdata/images/male_4_BurkeP.jpg",
		"FullName": "Paul Burke",
		"PhoneNumber": "+1 224 374523",
		"MobilePhoneNumber": "+1 224 485634",
		"EmailAddress": "paul.burke@itelo.info",
		"FirstName": "Paul",
		"MiddleName": "",
		"LastName": "Burke"
	},
	{
		"Employee": "400000009",
		"Initials": "",
		"GenderCode": "M",
		"GenderIcon": "/sap/public/bc/NWDEMO_MODEL/IMAGES/male.jpg",
		"PreferredLanguage": "EN",
		"SystemUser": "MILLERM",
		"HomeAddressUUID": "0050568c-901d-1ed7-8de0-7a47274300f5",
		"EmploymentStartDate": "/Date(946684800000)/",
		"EmploymentEndDate": "/Date(253402214400000)/",
		"SalaryCurrency": "USD",
		"SalaryAmount": "86574.00",
		"EmployeePictureURL": "../localService/mockdata/images/male_9_MillerM.jpg",
		"FullName": "Michael Miller",
		"PhoneNumber": "+44 2089 177316",
		"MobilePhoneNumber": "+44 7808 576316",
		"EmailAddress": "michael.miller@itelo.info",
		"FirstName": "Michael",
		"MiddleName": "",
		"LastName": "Miller"
	},
	{
		"Employee": "400000010",
		"Initials": "",
		"GenderCode": "M",
		"GenderIcon": "/sap/public/bc/NWDEMO_MODEL/IMAGES/male.jpg",
		"PreferredLanguage": "EN",
		"SystemUser": "NICOLSJ",
		"HomeAddressUUID": "0050568c-901d-1ed7-8de0-7a47274320f5",
		"EmploymentStartDate": "/Date(946684800000)/",
		"EmploymentEndDate": "/Date(253402214400000)/",
		"SalaryCurrency": "USD",
		"SalaryAmount": "61579.00",
		"EmployeePictureURL": "../localService/mockdata/images/male_7_NicolsJ.jpg",
		"FullName": "John Nicols",
		"PhoneNumber": "+44 2089 176581",
		"MobilePhoneNumber": "+44 7808 575581",
		"EmailAddress": "john.nicols@itelo.info",
		"FirstName": "John",
		"MiddleName": "",
		"LastName": "Nicols"
	},
	{
		"Employee": "400000011",
		"Initials": "",
		"GenderCode": "M",
		"GenderIcon": "/sap/public/bc/NWDEMO_MODEL/IMAGES/male.jpg",
		"PreferredLanguage": "EN",
		"SystemUser": "SMITHJO",
		"HomeAddressUUID": "0050568c-901d-1ed7-8de0-7a47274340f5",
		"EmploymentStartDate": "/Date(946684800000)/",
		"EmploymentEndDate": "/Date(253402214400000)/",
		"SalaryCurrency": "USD",
		"SalaryAmount": "60350.00",
		"EmployeePictureURL": "../localService/mockdata/images/male_3_SmithJo.jpg",
		"FullName": "John Smith",
		"PhoneNumber": "+44 2089 176308",
		"MobilePhoneNumber": "+44 7802 861469",
		"EmailAddress": "john.smith@itelo.info",
		"FirstName": "John",
		"MiddleName": "",
		"LastName": "Smith"
	},
	{
		"Employee": "400000012",
		"Initials": "",
		"GenderCode": "F",
		"GenderIcon": "/sap/public/bc/NWDEMO_MODEL/IMAGES/female.jpg",
		"PreferredLanguage": "EN",
		"SystemUser": "RUSHJ",
		"HomeAddressUUID": "0050568c-901d-1ed7-8de0-7a47274360f5",
		"EmploymentStartDate": "/Date(946684800000)/",
		"EmploymentEndDate": "/Date(253402214400000)/",
		"SalaryCurrency": "USD",
		"SalaryAmount": "70000.00",
		"EmployeePictureURL": "../localService/mockdata/images/female_1_RushJ.jpg",
		"FullName": "Joanne Rush",
		"PhoneNumber": "+49 351 58116224",
		"MobilePhoneNumber": "+49 170 2200434",
		"EmailAddress": "joanne.rush@itelo.info",
		"FirstName": "Joanne",
		"MiddleName": "",
		"LastName": "Rush"
	},
	{
		"Employee": "400000013",
		"Initials": "",
		"GenderCode": "F",
		"GenderIcon": "/sap/public/bc/NWDEMO_MODEL/IMAGES/female.jpg",
		"PreferredLanguage": "EN",
		"SystemUser": "BAYSU",
		"HomeAddressUUID": "0050568c-901d-1ed7-8de0-7a47274380f5",
		"EmploymentStartDate": "/Date(946684800000)/",
		"EmploymentEndDate": "/Date(253402214400000)/",
		"SalaryCurrency": "USD",
		"SalaryAmount": "98631.00",
		"EmployeePictureURL": "../localService/mockdata/images/female_6_BaySu.jpg",
		"FullName": "Sue Bay",
		"PhoneNumber": "+1 224 374525",
		"MobilePhoneNumber": "+1 415 2652709",
		"EmailAddress": "sue.bay@itelo.info",
		"FirstName": "Sue",
		"MiddleName": "",
		"LastName": "Bay"
	},
	{
		"Employee": "400000014",
		"Initials": "",
		"GenderCode": "M",
		"GenderIcon": "/sap/public/bc/NWDEMO_MODEL/IMAGES/male.jpg",
		"PreferredLanguage": "EN",
		"SystemUser": "FIELDJ",
		"HomeAddressUUID": "0050568c-901d-1ed7-8de0-7a472743a0f5",
		"EmploymentStartDate": "/Date(946684800000)/",
		"EmploymentEndDate": "/Date(253402214400000)/",
		"SalaryCurrency": "USD",
		"SalaryAmount": "76395.00",
		"EmployeePictureURL": "../localService/mockdata/images/male_5_FieldJ.jpg",
		"FullName": "James Field",
		"PhoneNumber": "+1 224 374526",
		"MobilePhoneNumber": "+44 7966 975580",
		"EmailAddress": "james.field@itelo.info",
		"FirstName": "James",
		"MiddleName": "",
		"LastName": "Field"
	},
	{
		"Employee": "400000015",
		"Initials": "",
		"GenderCode": "M",
		"GenderIcon": "/sap/public/bc/NWDEMO_MODEL/IMAGES/male.jpg",
		"PreferredLanguage": "EN",
		"SystemUser": "HECKERH",
		"HomeAddressUUID": "0050568c-901d-1ed7-8de0-7a472743c0f5",
		"EmploymentStartDate": "/Date(946684800000)/",
		"EmploymentEndDate": "/Date(253402214400000)/",
		"SalaryCurrency": "USD",
		"SalaryAmount": "39874.00",
		"EmployeePictureURL": "../localService/mockdata/images/male_16_HeckerH.jpg",
		"FullName": "Hermann Hecker",
		"PhoneNumber": "+44 2089 178070",
		"MobilePhoneNumber": "+44 7966 975127",
		"EmailAddress": "hermann.hecker@itelo.info",
		"FirstName": "Hermann",
		"MiddleName": "",
		"LastName": "Hecker"
	},
	{
		"Employee": "400000016",
		"Initials": "",
		"GenderCode": "M",
		"GenderIcon": "/sap/public/bc/NWDEMO_MODEL/IMAGES/male.jpg",
		"PreferredLanguage": "EN",
		"SystemUser": "PLATTER",
		"HomeAddressUUID": "0050568c-901d-1ed7-8de0-7a472743e0f5",
		"EmploymentStartDate": "/Date(946684800000)/",
		"EmploymentEndDate": "/Date(253402214400000)/",
		"SalaryCurrency": "USD",
		"SalaryAmount": "45983.00",
		"EmployeePictureURL": "../localService/mockdata/images/male_15_PlatteR.jpg",
		"FullName": "Rudolf Platte",
		"PhoneNumber": "+49 304 1092539",
		"MobilePhoneNumber": "+49 160 90819927",
		"EmailAddress": "rudolf.platte@itelo.info",
		"FirstName": "Rudolf",
		"MiddleName": "",
		"LastName": "Platte"
	},
	{
		"Employee": "400000017",
		"Initials": "",
		"GenderCode": "M",
		"GenderIcon": "/sap/public/bc/NWDEMO_MODEL/IMAGES/male.jpg",
		"PreferredLanguage": "EN",
		"SystemUser": "WALLACEA",
		"HomeAddressUUID": "0050568c-901d-1ed7-8de0-7a47274400f5",
		"EmploymentStartDate": "/Date(946684800000)/",
		"EmploymentEndDate": "/Date(253402214400000)/",
		"SalaryCurrency": "USD",
		"SalaryAmount": "55426.00",
		"EmployeePictureURL": "../localService/mockdata/images/male_13_WallaceA.jpg",
		"FullName": "Al Wallace",
		"PhoneNumber": "+1 310 6615531",
		"MobilePhoneNumber": "+1 323 4731135",
		"EmailAddress": "al.wallace@itelo.info",
		"FirstName": "Al",
		"MiddleName": "",
		"LastName": "Wallace"
	},
	{
		"Employee": "400000018",
		"Initials": "",
		"GenderCode": "M",
		"GenderIcon": "/sap/public/bc/NWDEMO_MODEL/IMAGES/male.jpg",
		"PreferredLanguage": "EN",
		"SystemUser": "EASTJ",
		"HomeAddressUUID": "0050568c-901d-1ed7-8de0-7a47274420f5",
		"EmploymentStartDate": "/Date(946684800000)/",
		"EmploymentEndDate": "/Date(253402214400000)/",
		"SalaryCurrency": "USD",
		"SalaryAmount": "55427.00",
		"EmployeePictureURL": "../localService/mockdata/images/male_12_EastJ.jpg",
		"FullName": "Jonathan East",
		"PhoneNumber": "+1 559 5932183",
		"MobilePhoneNumber": "+1 559 5932184",
		"EmailAddress": "jonathan.east@itelo.info",
		"FirstName": "Jonathan",
		"MiddleName": "",
		"LastName": "East"
	},
	{
		"Employee": "400000019",
		"Initials": "",
		"GenderCode": "M",
		"GenderIcon": "/sap/public/bc/NWDEMO_MODEL/IMAGES/male.jpg",
		"PreferredLanguage": "EN",
		"SystemUser": "SMITHJ",
		"HomeAddressUUID": "0050568c-901d-1ed7-8de0-7a47274440f5",
		"EmploymentStartDate": "/Date(946684800000)/",
		"EmploymentEndDate": "/Date(253402214400000)/",
		"SalaryCurrency": "USD",
		"SalaryAmount": "38761.00",
		"EmployeePictureURL": "../localService/mockdata/images/male_14_SmithJ.jpg",
		"FullName": "James Smith",
		"PhoneNumber": "+49 6227 770282",
		"MobilePhoneNumber": "+49 151 57118524",
		"EmailAddress": "james.smith@itelo.info",
		"FirstName": "James",
		"MiddleName": "",
		"LastName": "Smith"
	},
	{
		"Employee": "400000020",
		"Initials": "",
		"GenderCode": "F",
		"GenderIcon": "/sap/public/bc/NWDEMO_MODEL/IMAGES/female.jpg",
		"PreferredLanguage": "EN",
		"SystemUser": "WANGM",
		"HomeAddressUUID": "0050568c-901d-1ed7-8de0-7a47274460f5",
		"EmploymentStartDate": "/Date(946684800000)/",
		"EmploymentEndDate": "/Date(253402214400000)/",
		"SalaryCurrency": "USD",
		"SalaryAmount": "57985.00",
		"EmployeePictureURL": "../localService/mockdata/images/female_4_WangM.jpg",
		"FullName": "Megan Wang",
		"PhoneNumber": "+44 2089 176782",
		"MobilePhoneNumber": "+44 7808 575782",
		"EmailAddress": "megan.wang@itelo.info",
		"FirstName": "Megan",
		"MiddleName": "",
		"LastName": "Wang"
	},
	{
		"Employee": "400000021",
		"Initials": "",
		"GenderCode": "F",
		"GenderIcon": "/sap/public/bc/NWDEMO_MODEL/IMAGES/female.jpg",
		"PreferredLanguage": "EN",
		"SystemUser": "LERCHA",
		"HomeAddressUUID": "0050568c-901d-1ed7-8de0-7a47274480f5",
		"EmploymentStartDate": "/Date(946684800000)/",
		"EmploymentEndDate": "/Date(253402214400000)/",
		"SalaryCurrency": "USD",
		"SalaryAmount": "58768.00",
		"EmployeePictureURL": "../localService/mockdata/images/female_5_LerchA.jpg",
		"FullName": "Anna Lerch",
		"PhoneNumber": "+1 973 2110509",
		"MobilePhoneNumber": "+1 973 2161209",
		"EmailAddress": "anna.lerch@itelo.info",
		"FirstName": "Anna",
		"MiddleName": "",
		"LastName": "Lerch"
	},
	{
		"Employee": "400000022",
		"Initials": "",
		"GenderCode": "M",
		"GenderIcon": "/sap/public/bc/NWDEMO_MODEL/IMAGES/male.jpg",
		"PreferredLanguage": "EN",
		"SystemUser": "KENTC",
		"HomeAddressUUID": "0050568c-901d-1ed7-8de0-7a472744a0f5",
		"EmploymentStartDate": "/Date(946684800000)/",
		"EmploymentEndDate": "/Date(253402214400000)/",
		"SalaryCurrency": "USD",
		"SalaryAmount": "57000.00",
		"EmployeePictureURL": "../localService/mockdata/images/male_18_KentC.jpg",
		"FullName": "Clark Kent",
		"PhoneNumber": "+1 212 5539574",
		"MobilePhoneNumber": "+1 917 7159652",
		"EmailAddress": "clark.kent@itelo.info",
		"FirstName": "Clark",
		"MiddleName": "",
		"LastName": "Kent"
	},
	{
		"Employee": "400000023",
		"Initials": "",
		"GenderCode": "F",
		"GenderIcon": "/sap/public/bc/NWDEMO_MODEL/IMAGES/female.jpg",
		"PreferredLanguage": "EN",
		"SystemUser": "JONESC",
		"HomeAddressUUID": "0050568c-901d-1ed7-8de0-7a472744c0f5",
		"EmploymentStartDate": "/Date(946684800000)/",
		"EmploymentEndDate": "/Date(253402214400000)/",
		"SalaryCurrency": "USD",
		"SalaryAmount": "59000.00",
		"EmployeePictureURL": "../localService/mockdata/images/female_12_JonesC.jpg",
		"FullName": "Catherine Jones",
		"PhoneNumber": "+1 212 7539545",
		"MobilePhoneNumber": "+1 315 8852092",
		"EmailAddress": "catherine.jones@itelo.info",
		"FirstName": "Catherine",
		"MiddleName": "",
		"LastName": "Jones"
	},
	{
		"Employee": "400000024",
		"Initials": "",
		"GenderCode": "M",
		"GenderIcon": "/sap/public/bc/NWDEMO_MODEL/IMAGES/male.jpg",
		"PreferredLanguage": "EN",
		"SystemUser": "DOUGLASP",
		"HomeAddressUUID": "0050568c-901d-1ed7-8de0-7a472744e0f5",
		"EmploymentStartDate": "/Date(946684800000)/",
		"EmploymentEndDate": "/Date(253402214400000)/",
		"SalaryCurrency": "USD",
		"SalaryAmount": "1500000.00",
		"EmployeePictureURL": "../localService/mockdata/images/male_8_DouglasP.jpg",
		"FullName": "Peter Douglas",
		"PhoneNumber": "+1 812 6539906",
		"MobilePhoneNumber": "+1 630 2296680",
		"EmailAddress": "peter.douglas@itelo.info",
		"FirstName": "Peter",
		"MiddleName": "",
		"LastName": "Douglas"
	},
	{
		"Employee": "400000025",
		"Initials": "",
		"GenderCode": "M",
		"GenderIcon": "/sap/public/bc/NWDEMO_MODEL/IMAGES/male.jpg",
		"PreferredLanguage": "EN",
		"SystemUser": "BROWNF",
		"HomeAddressUUID": "0050568c-901d-1ed7-8de0-7a47274500f5",
		"EmploymentStartDate": "/Date(946684800000)/",
		"EmploymentEndDate": "/Date(253402214400000)/",
		"SalaryCurrency": "USD",
		"SalaryAmount": "53021.00",
		"EmployeePictureURL": "../localService/mockdata/images/male_17_BrownF.jpg",
		"FullName": "Frank Brown",
		"PhoneNumber": "+1 212 5951134",
		"MobilePhoneNumber": "+1 607 2088417",
		"EmailAddress": "frank.brown@itelo.info",
		"FirstName": "Frank",
		"MiddleName": "",
		"LastName": "Brown"
	},
	{
		"Employee": "400000026",
		"Initials": "",
		"GenderCode": "F",
		"GenderIcon": "/sap/public/bc/NWDEMO_MODEL/IMAGES/female.jpg",
		"PreferredLanguage": "EN",
		"SystemUser": "INGALLSB",
		"HomeAddressUUID": "0050568c-901d-1ed7-8de0-7a47274520f5",
		"EmploymentStartDate": "/Date(946684800000)/",
		"EmploymentEndDate": "/Date(253402214400000)/",
		"SalaryCurrency": "USD",
		"SalaryAmount": "63443.00",
		"EmployeePictureURL": "../localService/mockdata/images/female_3_IngallsB.jpg",
		"FullName": "Barbara Ingalls",
		"PhoneNumber": "+1 650 4221832",
		"MobilePhoneNumber": "+1 657 4220732",
		"EmailAddress": "barbara.ingalls@itelo.info",
		"FirstName": "Barbara",
		"MiddleName": "",
		"LastName": "Ingalls"
	},
	{
		"Employee": "400000027",
		"Initials": "",
		"GenderCode": "M",
		"GenderIcon": "/sap/public/bc/NWDEMO_MODEL/IMAGES/male.jpg",
		"PreferredLanguage": "EN",
		"SystemUser": "FUCHSP",
		"HomeAddressUUID": "0050568c-901d-1ed7-8de0-7a47274540f5",
		"EmploymentStartDate": "/Date(946684800000)/",
		"EmploymentEndDate": "/Date(253402214400000)/",
		"SalaryCurrency": "USD",
		"SalaryAmount": "71344.00",
		"EmployeePictureURL": "../localService/mockdata/images/male_20_FuchsP.jpg",
		"FullName": "Peter Fuchs",
		"PhoneNumber": "+44 1628 661186",
		"MobilePhoneNumber": "+44 7748 711945",
		"EmailAddress": "peter.fuchs@itelo.info",
		"FirstName": "Peter",
		"MiddleName": "",
		"LastName": "Fuchs"
	},
	{
		"Employee": "400000028",
		"Initials": "",
		"GenderCode": "F",
		"GenderIcon": "/sap/public/bc/NWDEMO_MODEL/IMAGES/female.jpg",
		"PreferredLanguage": "EN",
		"SystemUser": "WATSONM",
		"HomeAddressUUID": "0050568c-901d-1ed7-8de0-7a47274560f5",
		"EmploymentStartDate": "/Date(946684800000)/",
		"EmploymentEndDate": "/Date(253402214400000)/",
		"SalaryCurrency": "USD",
		"SalaryAmount": "64222.00",
		"EmployeePictureURL": "../localService/mockdata/images/female_13_WatsonM.jpg",
		"FullName": "Mary Watson",
		"PhoneNumber": "+44 0171 184338",
		"MobilePhoneNumber": "+44 7917 173444",
		"EmailAddress": "mary.watson@itelo.info",
		"FirstName": "Mary",
		"MiddleName": "",
		"LastName": "Watson"
	},
	{
		"Employee": "400000029",
		"Initials": "",
		"GenderCode": "M",
		"GenderIcon": "/sap/public/bc/NWDEMO_MODEL/IMAGES/male.jpg",
		"PreferredLanguage": "EN",
		"SystemUser": "KESSLERK",
		"HomeAddressUUID": "0050568c-901d-1ed7-8de0-7a47274580f5",
		"EmploymentStartDate": "/Date(946684800000)/",
		"EmploymentEndDate": "/Date(253402214400000)/",
		"SalaryCurrency": "USD",
		"SalaryAmount": "97455.00",
		"EmployeePictureURL": "../localService/mockdata/images/male_21_KesslerK.jpg",
		"FullName": "Karl Kessler",
		"PhoneNumber": "+1 212 2961879",
		"MobilePhoneNumber": "+1 646 1096875",
		"EmailAddress": "karl.kessler@itelo.info",
		"FirstName": "Karl",
		"MiddleName": "",
		"LastName": "Kessler"
	},
	{
		"Employee": "400000030",
		"Initials": "",
		"GenderCode": "F",
		"GenderIcon": "/sap/public/bc/NWDEMO_MODEL/IMAGES/female.jpg",
		"PreferredLanguage": "EN",
		"SystemUser": "DWYERN",
		"HomeAddressUUID": "0050568c-901d-1ed7-8de0-7a472745a0f5",
		"EmploymentStartDate": "/Date(946684800000)/",
		"EmploymentEndDate": "/Date(253402214400000)/",
		"SalaryCurrency": "USD",
		"SalaryAmount": "50000.00",
		"EmployeePictureURL": "../localService/mockdata/images/female_14_DwyerN.jpg",
		"FullName": "Nora Dwyer",
		"PhoneNumber": "+33 14 517-9410",
		"MobilePhoneNumber": "+33 62041 8587",
		"EmailAddress": "nora.dwyer@itelo.info",
		"FirstName": "Nora",
		"MiddleName": "",
		"LastName": "Dwyer"
	},
	{
		"Employee": "400000031",
		"Initials": "",
		"GenderCode": "M",
		"GenderIcon": "/sap/public/bc/NWDEMO_MODEL/IMAGES/male.jpg",
		"PreferredLanguage": "EN",
		"SystemUser": "FISHERR",
		"HomeAddressUUID": "0050568c-901d-1ed7-8de0-7a472745c0f5",
		"EmploymentStartDate": "/Date(946684800000)/",
		"EmploymentEndDate": "/Date(253402214400000)/",
		"SalaryCurrency": "EUR",
		"SalaryAmount": "67234.00",
		"EmployeePictureURL": "../localService/mockdata/images/male_25_FisherR.jpg",
		"FullName": "Richard Fisher",
		"PhoneNumber": "+49 30 41012482",
		"MobilePhoneNumber": "+49 151 57228513",
		"EmailAddress": "fisher.richard@itelo.info",
		"FirstName": "Richard",
		"MiddleName": "",
		"LastName": "Fisher"
	},
	{
		"Employee": "400000032",
		"Initials": "",
		"GenderCode": "F",
		"GenderIcon": "/sap/public/bc/NWDEMO_MODEL/IMAGES/female.jpg",
		"PreferredLanguage": "EN",
		"SystemUser": "ARANDAC",
		"HomeAddressUUID": "0050568c-901d-1ed7-8de0-7a472745e0f5",
		"EmploymentStartDate": "/Date(946684800000)/",
		"EmploymentEndDate": "/Date(253402214400000)/",
		"SalaryCurrency": "EUR",
		"SalaryAmount": "4457.00",
		"EmployeePictureURL": "../localService/mockdata/images/female_15_arandaC.jpg",
		"FullName": "Carol Aranda",
		"PhoneNumber": "+49 30 41092482",
		"MobilePhoneNumber": "+49 1515 7118329",
		"EmailAddress": "carol.aranda@itelo.info",
		"FirstName": "Carol",
		"MiddleName": "",
		"LastName": "Aranda"
	},
	{
		"Employee": "400000033",
		"Initials": "",
		"GenderCode": "F",
		"GenderIcon": "/sap/public/bc/NWDEMO_MODEL/IMAGES/female.jpg",
		"PreferredLanguage": "EN",
		"SystemUser": "NAMHUIK",
		"HomeAddressUUID": "0050568c-901d-1ed7-8de0-7a47274600f5",
		"EmploymentStartDate": "/Date(946684800000)/",
		"EmploymentEndDate": "/Date(253402214400000)/",
		"SalaryCurrency": "EUR",
		"SalaryAmount": "5105.00",
		"EmployeePictureURL": "../localService/mockdata/images/female_16_kimNH.jpg",
		"FullName": "Nam Kim",
		"PhoneNumber": "+49 30 41091664",
		"MobilePhoneNumber": "+49 160 90832165",
		"EmailAddress": "nam.huik@itelo.info",
		"FirstName": "Nam",
		"MiddleName": "Hui",
		"LastName": "Kim"
	},
	{
		"Employee": "400000034",
		"Initials": "",
		"GenderCode": "F",
		"GenderIcon": "/sap/public/bc/NWDEMO_MODEL/IMAGES/female.jpg",
		"PreferredLanguage": "EN",
		"SystemUser": "CHANGF",
		"HomeAddressUUID": "0050568c-901d-1ed7-8de0-7a47274620f5",
		"EmploymentStartDate": "/Date(946684800000)/",
		"EmploymentEndDate": "/Date(253402214400000)/",
		"SalaryCurrency": "EUR",
		"SalaryAmount": "3605.00",
		"EmployeePictureURL": "../localService/mockdata/images/female_17_changF.jpg",
		"FullName": "Felicity Chang",
		"PhoneNumber": "+49 30 41092275",
		"MobilePhoneNumber": "+49 151 12263706",
		"EmailAddress": "changf@itelo.info",
		"FirstName": "Felicity",
		"MiddleName": "",
		"LastName": "Chang"
	},
	{
		"Employee": "400000035",
		"Initials": "",
		"GenderCode": "M",
		"GenderIcon": "/sap/public/bc/NWDEMO_MODEL/IMAGES/male.jpg",
		"PreferredLanguage": "EN",
		"SystemUser": "PEREZC",
		"HomeAddressUUID": "0050568c-901d-1ed7-8de0-7a47274640f5",
		"EmploymentStartDate": "/Date(946684800000)/",
		"EmploymentEndDate": "/Date(253402214400000)/",
		"SalaryCurrency": "EUR",
		"SalaryAmount": "3166.00",
		"EmployeePictureURL": "../localService/mockdata/images/male_19_perezC.jpg",
		"FullName": "Crispin Perez",
		"PhoneNumber": "+49 30 31092271",
		"MobilePhoneNumber": "+49 163 4301346",
		"EmailAddress": "perezcf@itelo.info",
		"FirstName": "Crispin",
		"MiddleName": "",
		"LastName": "Perez"
	},
	{
		"Employee": "400000036",
		"Initials": "",
		"GenderCode": "M",
		"GenderIcon": "/sap/public/bc/NWDEMO_MODEL/IMAGES/male.jpg",
		"PreferredLanguage": "EN",
		"SystemUser": "KIMURA",
		"HomeAddressUUID": "0050568c-901d-1ed7-8de0-7a47274660f5",
		"EmploymentStartDate": "/Date(946684800000)/",
		"EmploymentEndDate": "/Date(253402214400000)/",
		"SalaryCurrency": "EUR",
		"SalaryAmount": "3266.00",
		"EmployeePictureURL": "../localService/mockdata/images/male_20_kimuraY.jpg",
		"FullName": "Yoshihiro Kimura",
		"PhoneNumber": "+49 30 41082265",
		"MobilePhoneNumber": "+49 151 57128731",
		"EmailAddress": "kimuray@itelo.info",
		"FirstName": "Yoshihiro",
		"MiddleName": "",
		"LastName": "Kimura"
	},
	{
		"Employee": "400000037",
		"Initials": "",
		"GenderCode": "M",
		"GenderIcon": "/sap/public/bc/NWDEMO_MODEL/IMAGES/male.jpg",
		"PreferredLanguage": "EN",
		"SystemUser": "NGOC",
		"HomeAddressUUID": "0050568c-901d-1ed7-8de0-7a47274680f5",
		"EmploymentStartDate": "/Date(946684800000)/",
		"EmploymentEndDate": "/Date(253402214400000)/",
		"SalaryCurrency": "EUR",
		"SalaryAmount": "3266.00",
		"EmployeePictureURL": "../localService/mockdata/images/male_22_ngoC.jpg",
		"FullName": "Christopher Ngo",
		"PhoneNumber": "+49 30 41093387",
		"MobilePhoneNumber": "+49 160 90840191",
		"EmailAddress": "ngoc@itelo.info",
		"FirstName": "Christopher",
		"MiddleName": "",
		"LastName": "Ngo"
	},
	{
		"Employee": "400000038",
		"Initials": "",
		"GenderCode": "M",
		"GenderIcon": "/sap/public/bc/NWDEMO_MODEL/IMAGES/male.jpg",
		"PreferredLanguage": "EN",
		"SystemUser": "EPM_DEMO",
		"HomeAddressUUID": "0050568c-901d-1ed7-8de0-7a47274680f5",
		"EmploymentStartDate": "/Date(946684800000)/",
		"EmploymentEndDate": "/Date(253402214400000)/",
		"SalaryCurrency": "USD",
		"SalaryAmount": "3266.00",
		"EmployeePictureURL": "../localService/mockdata/images/male.jpg",
		"FullName": "EPM User",
		"PhoneNumber": "+49 30 41093387",
		"MobilePhoneNumber": "+49 160 90840191",
		"EmailAddress": "user.epm@itelo.info",
		"FirstName": "EPM",
		"MiddleName": "Demo",
		"LastName": "User"
	}
]