[
	{
		"Product": "HT-1000",
		"Name": "Notebook Basic 15",
		"CompanyName": "SAP",
		"Quantity": "149",
		"QuantityUnit": "EA",
		"StockAvailability": 3
	},
	{
		"Product": "HT-1001",
		"Name": "Notebook Basic 17",
		"CompanyName": "Becker Berlin",
		"Quantity": "138",
		"QuantityUnit": "EA",
		"StockAvailability": 3
	},
	{
		"Product": "HT-1002",
		"Name": "Notebook Basic 18",
		"CompanyName": "DelBont Industries",
		"Quantity": "150",
		"QuantityUnit": "EA",
		"StockAvailability": 3
	},
	{
		"Product": "HT-1003",
		"Name": "Notebook Basic 19",
		"CompanyName": "Talpa",
		"Quantity": "150",
		"QuantityUnit": "EA",
		"StockAvailability": 3
	},
	{
		"Product": "HT-1007",
		"Name": "ITelO Vault",
		"CompanyName": "Panorama Studios",
		"Quantity": "136",
		"QuantityUnit": "EA",
		"StockAvailability": 3
	},
	{
		"Product": "HT-1010",
		"Name": "Notebook Professional 15",
		"CompanyName": "TECUM",
		"Quantity": "150",
		"QuantityUnit": "EA",
		"StockAvailability": 3
	},
	{
		"Product": "HT-1011",
		"Name": "Notebook Professional 17",
		"CompanyName": "Asia High tech",
		"Quantity": "132",
		"QuantityUnit": "EA",
		"StockAvailability": 3
	},
	{
		"Product": "HT-1020",
		"Name": "ITelO Vault Net",
		"CompanyName": "Laurent",
		"Quantity": "147",
		"QuantityUnit": "EA",
		"StockAvailability": 3
	},
	{
		"Product": "HT-1021",
		"Name": "ITelO Vault SAT",
		"CompanyName": "AVANTEL",
		"Quantity": "146",
		"QuantityUnit": "EA",
		"StockAvailability": 3
	},
	{
		"Product": "HT-1022",
		"Name": "Comfort Easy",
		"CompanyName": "Telecomunicaciones Star",
		"Quantity": "143",
		"QuantityUnit": "EA",
		"StockAvailability": 3
	},
	{
		"Product": "HT-1023",
		"Name": "Comfort Senior",
		"CompanyName": "Pear Computing Services",
		"Quantity": "150",
		"QuantityUnit": "EA",
		"StockAvailability": 3
	},
	{
		"Product": "HT-1030",
		"Name": "Ergo Screen E-I",
		"CompanyName": "Alpine Systems",
		"Quantity": "143",
		"QuantityUnit": "EA",
		"StockAvailability": 3
	},
	{
		"Product": "HT-1031",
		"Name": "Ergo Screen E-II",
		"CompanyName": "New Line Design",
		"Quantity": "133",
		"QuantityUnit": "EA",
		"StockAvailability": 3
	},
	{
		"Product": "HT-1032",
		"Name": "Ergo Screen E-III",
		"CompanyName": "HEPA Tec",
		"Quantity": "150",
		"QuantityUnit": "EA",
		"StockAvailability": 3
	},
	{
		"Product": "HT-1035",
		"Name": "Flat Basic",
		"CompanyName": "Anav Ideon",
		"Quantity": "138",
		"QuantityUnit": "EA",
		"StockAvailability": 3
	},
	{
		"Product": "HT-1036",
		"Name": "Flat Future",
		"CompanyName": "Robert Brown Entertainment",
		"Quantity": "146",
		"QuantityUnit": "EA",
		"StockAvailability": 3
	},
	{
		"Product": "HT-1037",
		"Name": "Flat XL",
		"CompanyName": "Mexican Oil Trading Company",
		"Quantity": "130",
		"QuantityUnit": "EA",
		"StockAvailability": 3
	},
	{
		"Product": "HT-1040",
		"Name": "Laser Professional Eco",
		"CompanyName": "Meliva",
		"Quantity": "144",
		"QuantityUnit": "EA",
		"StockAvailability": 3
	},
	{
		"Product": "HT-1041",
		"Name": "Laser Basic",
		"CompanyName": "Compostela",
		"Quantity": "134",
		"QuantityUnit": "EA",
		"StockAvailability": 3
	},
	{
		"Product": "HT-1042",
		"Name": "Laser Allround",
		"CompanyName": "Pateu",
		"Quantity": "0",
		"QuantityUnit": "EA",
		"StockAvailability": 1
	},
	{
		"Product": "HT-1050",
		"Name": "Ultra Jet Super Color",
		"CompanyName": "Russian Electronic Trading Company",
		"Quantity": "0",
		"QuantityUnit": "EA",
		"StockAvailability": 1
	},
	{
		"Product": "HT-1051",
		"Name": "Ultra Jet Mobile",
		"CompanyName": "Florida Holiday Company",
		"Quantity": "0",
		"QuantityUnit": "EA",
		"StockAvailability": 1
	},
	{
		"Product": "HT-1052",
		"Name": "Ultra Jet Super Highspeed",
		"CompanyName": "Quimica Madrilenos",
		"Quantity": "0",
		"QuantityUnit": "EA",
		"StockAvailability": 1
	},
	{
		"Product": "HT-1055",
		"Name": "Multi Print",
		"CompanyName": "Getränkegroßhandel Janssen",
		"Quantity": "0",
		"QuantityUnit": "EA",
		"StockAvailability": 1
	},
	{
		"Product": "HT-1056",
		"Name": "Multi Color",
		"CompanyName": "JaTeCo",
		"Quantity": "0",
		"QuantityUnit": "EA",
		"StockAvailability": 1
	},
	{
		"Product": "HT-1060",
		"Name": "Cordless Mouse",
		"CompanyName": "Tessile Casa Di Roma",
		"Quantity": "0",
		"QuantityUnit": "EA",
		"StockAvailability": 1
	},
	{
		"Product": "HT-1061",
		"Name": "Speed Mouse",
		"CompanyName": "Vente Et Réparation de Ordinateur",
		"Quantity": "0",
		"QuantityUnit": "EA",
		"StockAvailability": 1
	},
	{
		"Product": "HT-1062",
		"Name": "Track Mouse",
		"CompanyName": "Developement Para O Governo",
		"Quantity": "0",
		"QuantityUnit": "EA",
		"StockAvailability": 1
	},
	{
		"Product": "HT-1063",
		"Name": "Ergonomic Keyboard",
		"CompanyName": "Brazil Technologies",
		"Quantity": "0",
		"QuantityUnit": "EA",
		"StockAvailability": 1
	},
	{
		"Product": "HT-1064",
		"Name": "Internet Keyboard",
		"CompanyName": "C.R.T.U.",
		"Quantity": "0",
		"QuantityUnit": "EA",
		"StockAvailability": 1
	},
	{
		"Product": "HT-1065",
		"Name": "Media Keyboard",
		"CompanyName": "Jologa",
		"Quantity": "147",
		"QuantityUnit": "EA",
		"StockAvailability": 3
	},
	{
		"Product": "HT-1066",
		"Name": "Mousepad",
		"CompanyName": "Baleda",
		"Quantity": "147",
		"QuantityUnit": "EA",
		"StockAvailability": 3
	},
	{
		"Product": "HT-1067",
		"Name": "Ergo Mousepad",
		"CompanyName": "Angeré",
		"Quantity": "133",
		"QuantityUnit": "EA",
		"StockAvailability": 3
	},
	{
		"Product": "HT-1068",
		"Name": "Designer Mousepad",
		"CompanyName": "PC Gym Tec",
		"Quantity": "131",
		"QuantityUnit": "EA",
		"StockAvailability": 3
	},
	{
		"Product": "HT-1069",
		"Name": "Universal card reader",
		"CompanyName": "Japan Insurance Partner",
		"Quantity": "9",
		"QuantityUnit": "EA",
		"StockAvailability": 2
	},
	{
		"Product": "HT-1070",
		"Name": "Proctra X",
		"CompanyName": "Entertainment Argentinia",
		"Quantity": "3",
		"QuantityUnit": "EA",
		"StockAvailability": 2
	},
	{
		"Product": "HT-1071",
		"Name": "Gladiator MX",
		"CompanyName": "African Gold And Diamond Corporation",
		"Quantity": "5",
		"QuantityUnit": "EA",
		"StockAvailability": 2
	},
	{
		"Product": "HT-1072",
		"Name": "Hurricane GX",
		"CompanyName": "PicoBit",
		"Quantity": "1",
		"QuantityUnit": "EA",
		"StockAvailability": 2
	},
	{
		"Product": "HT-1073",
		"Name": "Hurricane GX/LN",
		"CompanyName": "Bionic Research Lab",
		"Quantity": "2",
		"QuantityUnit": "EA",
		"StockAvailability": 2
	},
	{
		"Product": "HT-1080",
		"Name": "Photo Scan",
		"CompanyName": "Indian IT Trading Company",
		"Quantity": "8",
		"QuantityUnit": "EA",
		"StockAvailability": 2
	},
	{
		"Product": "HT-1081",
		"Name": "Power Scan",
		"CompanyName": "Chemia A Technicznie Fabryka",
		"Quantity": "4",
		"QuantityUnit": "EA",
		"StockAvailability": 2
	},
	{
		"Product": "HT-1082",
		"Name": "Jet Scan Professional",
		"CompanyName": "South American IT Company",
		"Quantity": "7",
		"QuantityUnit": "EA",
		"StockAvailability": 2
	},
	{
		"Product": "HT-1083",
		"Name": "Jet Scan Professional",
		"CompanyName": "Siwusha",
		"Quantity": "2",
		"QuantityUnit": "EA",
		"StockAvailability": 2
	},
	{
		"Product": "HT-1085",
		"Name": "Copymaster",
		"CompanyName": "Danish Fish Trading Company",
		"Quantity": "1",
		"QuantityUnit": "EA",
		"StockAvailability": 2
	},
	{
		"Product": "HT-1090",
		"Name": "Surround Sound",
		"CompanyName": "Sorali",
		"Quantity": "4",
		"QuantityUnit": "EA",
		"StockAvailability": 2
	},
	{
		"Product": "HT-1091",
		"Name": "Blaster Extreme",
		"CompanyName": "SAP",
		"Quantity": "2",
		"QuantityUnit": "EA",
		"StockAvailability": 2
	},
	{
		"Product": "HT-1092",
		"Name": "Sound Booster",
		"CompanyName": "Becker Berlin",
		"Quantity": "7",
		"QuantityUnit": "EA",
		"StockAvailability": 2
	},
	{
		"Product": "HT-1095",
		"Name": "Lovely Sound 5.1 Wireless",
		"CompanyName": "PC Gym Tec",
		"Quantity": "150",
		"QuantityUnit": "EA",
		"StockAvailability": 3
	},
	{
		"Product": "HT-1096",
		"Name": "Lovely Sound 5.1",
		"CompanyName": "Japan Insurance Partner",
		"Quantity": "149",
		"QuantityUnit": "EA",
		"StockAvailability": 3
	},
	{
		"Product": "HT-1097",
		"Name": "Lovely Sound Stereo",
		"CompanyName": "Entertainment Argentinia",
		"Quantity": "145",
		"QuantityUnit": "EA",
		"StockAvailability": 3
	},
	{
		"Product": "HT-1100",
		"Name": "Smart Office",
		"CompanyName": "DelBont Industries",
		"Quantity": "5",
		"QuantityUnit": "EA",
		"StockAvailability": 2
	},
	{
		"Product": "HT-1101",
		"Name": "Smart Design",
		"CompanyName": "Talpa",
		"Quantity": "8",
		"QuantityUnit": "EA",
		"StockAvailability": 2
	},
	{
		"Product": "HT-1102",
		"Name": "Smart Network",
		"CompanyName": "Panorama Studios",
		"Quantity": "146",
		"QuantityUnit": "EA",
		"StockAvailability": 3
	},
	{
		"Product": "HT-1103",
		"Name": "Smart Multimedia",
		"CompanyName": "TECUM",
		"Quantity": "149",
		"QuantityUnit": "EA",
		"StockAvailability": 3
	},
	{
		"Product": "HT-1104",
		"Name": "Smart Games",
		"CompanyName": "Asia High tech",
		"Quantity": "146",
		"QuantityUnit": "EA",
		"StockAvailability": 3
	},
	{
		"Product": "HT-1105",
		"Name": "Smart Internet Antivirus",
		"CompanyName": "Laurent",
		"Quantity": "135",
		"QuantityUnit": "EA",
		"StockAvailability": 3
	},
	{
		"Product": "HT-1106",
		"Name": "Smart Firewall",
		"CompanyName": "AVANTEL",
		"Quantity": "148",
		"QuantityUnit": "EA",
		"StockAvailability": 3
	},
	{
		"Product": "HT-1107",
		"Name": "Smart Money",
		"CompanyName": "Telecomunicaciones Star",
		"Quantity": "142",
		"QuantityUnit": "EA",
		"StockAvailability": 3
	},
	{
		"Product": "HT-1110",
		"Name": "PC Lock",
		"CompanyName": "Pear Computing Services",
		"Quantity": "148",
		"QuantityUnit": "EA",
		"StockAvailability": 3
	},
	{
		"Product": "HT-1111",
		"Name": "Notebook Lock",
		"CompanyName": "Alpine Systems",
		"Quantity": "146",
		"QuantityUnit": "EA",
		"StockAvailability": 3
	},
	{
		"Product": "HT-1112",
		"Name": "Web cam reality",
		"CompanyName": "New Line Design",
		"Quantity": "149",
		"QuantityUnit": "EA",
		"StockAvailability": 3
	},
	{
		"Product": "HT-1113",
		"Name": "Screen clean",
		"CompanyName": "HEPA Tec",
		"Quantity": "135",
		"QuantityUnit": "EA",
		"StockAvailability": 3
	},
	{
		"Product": "HT-1114",
		"Name": "Fabric bag professional",
		"CompanyName": "Anav Ideon",
		"Quantity": "149",
		"QuantityUnit": "EA",
		"StockAvailability": 3
	},
	{
		"Product": "HT-1115",
		"Name": "Wireless DSL Router",
		"CompanyName": "Robert Brown Entertainment",
		"Quantity": "138",
		"QuantityUnit": "EA",
		"StockAvailability": 3
	},
	{
		"Product": "HT-1116",
		"Name": "Wireless DSL Router / Repeater",
		"CompanyName": "Mexican Oil Trading Company",
		"Quantity": "137",
		"QuantityUnit": "EA",
		"StockAvailability": 3
	},
	{
		"Product": "HT-1117",
		"Name": "Wireless DSL Router / Repeater and Print Server",
		"CompanyName": "Meliva",
		"Quantity": "147",
		"QuantityUnit": "EA",
		"StockAvailability": 3
	},
	{
		"Product": "HT-1118",
		"Name": "USB Stick",
		"CompanyName": "Compostela",
		"Quantity": "140",
		"QuantityUnit": "EA",
		"StockAvailability": 3
	},
	{
		"Product": "HT-1119",
		"Name": "Travel Adapter",
		"CompanyName": "Pear Computing Services",
		"Quantity": "146",
		"QuantityUnit": "EA",
		"StockAvailability": 3
	},
	{
		"Product": "HT-1120",
		"Name": "Cordless Bluetooth Keyboard, english international",
		"CompanyName": "Pateu",
		"Quantity": "139",
		"QuantityUnit": "EA",
		"StockAvailability": 3
	},
	{
		"Product": "HT-1137",
		"Name": "Flat XXL",
		"CompanyName": "Russian Electronic Trading Company",
		"Quantity": "149",
		"QuantityUnit": "EA",
		"StockAvailability": 3
	},
	{
		"Product": "HT-1138",
		"Name": "Pocket Mouse",
		"CompanyName": "Florida Holiday Company",
		"Quantity": "150",
		"QuantityUnit": "EA",
		"StockAvailability": 3
	},
	{
		"Product": "HT-1210",
		"Name": "PC Power Station",
		"CompanyName": "Quimica Madrilenos",
		"Quantity": "145",
		"QuantityUnit": "EA",
		"StockAvailability": 3
	},
	{
		"Product": "HT-1251",
		"Name": "Astro Laptop 1516",
		"CompanyName": "Tessile Casa Di Roma",
		"Quantity": "134",
		"QuantityUnit": "EA",
		"StockAvailability": 3
	},
	{
		"Product": "HT-1252",
		"Name": "Astro Phone 6",
		"CompanyName": "Vente Et Réparation de Ordinateur",
		"Quantity": "147",
		"QuantityUnit": "EA",
		"StockAvailability": 3
	},
	{
		"Product": "HT-1253",
		"Name": "Benda Laptop 1408",
		"CompanyName": "Developement Para O Governo",
		"Quantity": "149",
		"QuantityUnit": "EA",
		"StockAvailability": 3
	},
	{
		"Product": "HT-1254",
		"Name": "Bending Screen 21HD",
		"CompanyName": "Brazil Technologies",
		"Quantity": "137",
		"QuantityUnit": "EA",
		"StockAvailability": 3
	},
	{
		"Product": "HT-1255",
		"Name": "Broad Screen 22HD",
		"CompanyName": "C.R.T.U.",
		"Quantity": "147",
		"QuantityUnit": "EA",
		"StockAvailability": 3
	},
	{
		"Product": "HT-1256",
		"Name": "Cerdik Phone 7",
		"CompanyName": "Jologa",
		"Quantity": "145",
		"QuantityUnit": "EA",
		"StockAvailability": 3
	},
	{
		"Product": "HT-1257",
		"Name": "Cepat Tablet 10.5",
		"CompanyName": "Baleda",
		"Quantity": "140",
		"QuantityUnit": "EA",
		"StockAvailability": 3
	},
	{
		"Product": "HT-1258",
		"Name": "Cepat Tablet 8",
		"CompanyName": "Angeré",
		"Quantity": "149",
		"QuantityUnit": "EA",
		"StockAvailability": 3
	},
	{
		"Product": "HT-1500",
		"Name": "Server Basic",
		"CompanyName": "Getränkegroßhandel Janssen",
		"Quantity": "147",
		"QuantityUnit": "EA",
		"StockAvailability": 3
	},
	{
		"Product": "HT-1501",
		"Name": "Server Professional",
		"CompanyName": "JaTeCo",
		"Quantity": "150",
		"QuantityUnit": "EA",
		"StockAvailability": 3
	},
	{
		"Product": "HT-1502",
		"Name": "Server Power Pro",
		"CompanyName": "Tessile Casa Di Roma",
		"Quantity": "148",
		"QuantityUnit": "EA",
		"StockAvailability": 3
	},
	{
		"Product": "HT-1600",
		"Name": "Family PC Basic",
		"CompanyName": "Telecomunicaciones Star",
		"Quantity": "149",
		"QuantityUnit": "EA",
		"StockAvailability": 3
	},
	{
		"Product": "HT-1601",
		"Name": "Family PC Pro",
		"CompanyName": "AVANTEL",
		"Quantity": "139",
		"QuantityUnit": "EA",
		"StockAvailability": 3
	},
	{
		"Product": "HT-1602",
		"Name": "Gaming Monster",
		"CompanyName": "Laurent",
		"Quantity": "139",
		"QuantityUnit": "EA",
		"StockAvailability": 3
	},
	{
		"Product": "HT-1603",
		"Name": "Gaming Monster Pro",
		"CompanyName": "Asia High tech",
		"Quantity": "148",
		"QuantityUnit": "EA",
		"StockAvailability": 3
	},
	{
		"Product": "HT-2000",
		"Name": "7\" Widescreen Portable DVD Player w MP3",
		"CompanyName": "TECUM",
		"Quantity": "130",
		"QuantityUnit": "EA",
		"StockAvailability": 3
	},
	{
		"Product": "HT-2001",
		"Name": "10\" Portable DVD player",
		"CompanyName": "Panorama Studios",
		"Quantity": "140",
		"QuantityUnit": "EA",
		"StockAvailability": 3
	},
	{
		"Product": "HT-2002",
		"Name": "Portable DVD Player with 9\" LCD Monitor",
		"CompanyName": "Sorali",
		"Quantity": "121",
		"QuantityUnit": "EA",
		"StockAvailability": 3
	},
	{
		"Product": "HT-2025",
		"Name": "CD/DVD case: 264 sleeves",
		"CompanyName": "Talpa",
		"Quantity": "130",
		"QuantityUnit": "EA",
		"StockAvailability": 3
	},
	{
		"Product": "HT-2026",
		"Name": "Audio/Video Cable Kit - 4m",
		"CompanyName": "DelBont Industries",
		"Quantity": "143",
		"QuantityUnit": "EA",
		"StockAvailability": 3
	},
	{
		"Product": "HT-2027",
		"Name": "Removable CD/DVD Laser Labels",
		"CompanyName": "Becker Berlin",
		"Quantity": "146",
		"QuantityUnit": "EA",
		"StockAvailability": 3
	},
	{
		"Product": "HT-6100",
		"Name": "Beam Breaker B-1",
		"CompanyName": "SAP",
		"Quantity": "148",
		"QuantityUnit": "EA",
		"StockAvailability": 3
	},
	{
		"Product": "HT-6101",
		"Name": "Beam Breaker B-2",
		"CompanyName": "Danish Fish Trading Company",
		"Quantity": "140",
		"QuantityUnit": "EA",
		"StockAvailability": 3
	},
	{
		"Product": "HT-6102",
		"Name": "Beam Breaker B-3",
		"CompanyName": "Siwusha",
		"Quantity": "150",
		"QuantityUnit": "EA",
		"StockAvailability": 3
	},
	{
		"Product": "HT-6110",
		"Name": "Play Movie",
		"CompanyName": "South American IT Company",
		"Quantity": "143",
		"QuantityUnit": "EA",
		"StockAvailability": 3
	},
	{
		"Product": "HT-6111",
		"Name": "Record Movie",
		"CompanyName": "Chemia A Technicznie Fabryka",
		"Quantity": "149",
		"QuantityUnit": "EA",
		"StockAvailability": 3
	},
	{
		"Product": "HT-6120",
		"Name": "ITelo MusicStick",
		"CompanyName": "Indian IT Trading Company",
		"Quantity": "143",
		"QuantityUnit": "EA",
		"StockAvailability": 3
	},
	{
		"Product": "HT-6121",
		"Name": "ITelo Jog-Mate",
		"CompanyName": "Bionic Research Lab",
		"Quantity": "150",
		"QuantityUnit": "EA",
		"StockAvailability": 3
	},
	{
		"Product": "HT-6122",
		"Name": "Power Pro Player 40",
		"CompanyName": "PicoBit",
		"Quantity": "147",
		"QuantityUnit": "EA",
		"StockAvailability": 3
	},
	{
		"Product": "HT-6123",
		"Name": "Power Pro Player 80",
		"CompanyName": "African Gold And Diamond Corporation",
		"Quantity": "145",
		"QuantityUnit": "EA",
		"StockAvailability": 3
	},
	{
		"Product": "HT-6130",
		"Name": "Flat Watch HD32",
		"CompanyName": "Vente Et Réparation de Ordinateur",
		"Quantity": "116",
		"QuantityUnit": "EA",
		"StockAvailability": 3
	},
	{
		"Product": "HT-6131",
		"Name": "Flat Watch HD37",
		"CompanyName": "Developement Para O Governo",
		"Quantity": "142",
		"QuantityUnit": "EA",
		"StockAvailability": 3
	},
	{
		"Product": "HT-6132",
		"Name": "Flat Watch HD41",
		"CompanyName": "Brazil Technologies",
		"Quantity": "145",
		"QuantityUnit": "EA",
		"StockAvailability": 3
	},
	{
		"Product": "HT-7000",
		"Name": "Copperberry",
		"CompanyName": "Angeré",
		"Quantity": "144",
		"QuantityUnit": "EA",
		"StockAvailability": 3
	},
	{
		"Product": "HT-7010",
		"Name": "Silverberry",
		"CompanyName": "Baleda",
		"Quantity": "107",
		"QuantityUnit": "EA",
		"StockAvailability": 3
	},
	{
		"Product": "HT-7020",
		"Name": "Goldberry",
		"CompanyName": "Jologa",
		"Quantity": "150",
		"QuantityUnit": "EA",
		"StockAvailability": 3
	},
	{
		"Product": "HT-7030",
		"Name": "Platinberry",
		"CompanyName": "C.R.T.U.",
		"Quantity": "139",
		"QuantityUnit": "EA",
		"StockAvailability": 3
	},
	{
		"Product": "HT-8000",
		"Name": "ITelO FlexTop I4000",
		"CompanyName": "Alpine Systems",
		"Quantity": "142",
		"QuantityUnit": "EA",
		"StockAvailability": 3
	},
	{
		"Product": "HT-8001",
		"Name": "ITelO FlexTop I6300c",
		"CompanyName": "New Line Design",
		"Quantity": "141",
		"QuantityUnit": "EA",
		"StockAvailability": 3
	},
	{
		"Product": "HT-8002",
		"Name": "ITelO FlexTop I9100",
		"CompanyName": "HEPA Tec",
		"Quantity": "150",
		"QuantityUnit": "EA",
		"StockAvailability": 3
	},
	{
		"Product": "HT-8003",
		"Name": "ITelO FlexTop I9800",
		"CompanyName": "Anav Ideon",
		"Quantity": "149",
		"QuantityUnit": "EA",
		"StockAvailability": 3
	},
	{
		"Product": "HT-9991",
		"Name": "Smartphone Leather Case",
		"CompanyName": "JaTeCo",
		"Quantity": "149",
		"QuantityUnit": "EA",
		"StockAvailability": 3
	},
	{
		"Product": "HT-9992",
		"Name": "Smartphone Alpha",
		"CompanyName": "Getränkegroßhandel Janssen",
		"Quantity": "119",
		"QuantityUnit": "EA",
		"StockAvailability": 3
	},
	{
		"Product": "HT-9993",
		"Name": "Mini Tablet",
		"CompanyName": "Quimica Madrilenos",
		"Quantity": "139",
		"QuantityUnit": "EA",
		"StockAvailability": 3
	},
	{
		"Product": "HT-9994",
		"Name": "Camcorder View",
		"CompanyName": "Florida Holiday Company",
		"Quantity": "145",
		"QuantityUnit": "EA",
		"StockAvailability": 3
	},
	{
		"Product": "HT-9995",
		"Name": "Smartphone Cover",
		"CompanyName": "Russian Electronic Trading Company",
		"Quantity": "133",
		"QuantityUnit": "EA",
		"StockAvailability": 3
	},
	{
		"Product": "HT-9996",
		"Name": "Tablet Pouch",
		"CompanyName": "Pateu",
		"Quantity": "142",
		"QuantityUnit": "EA",
		"StockAvailability": 3
	},
	{
		"Product": "HT-9997",
		"Name": "e-Book Reader ReadMe",
		"CompanyName": "Compostela",
		"Quantity": "145",
		"QuantityUnit": "EA",
		"StockAvailability": 3
	},
	{
		"Product": "HT-9998",
		"Name": "Smartphone Beta",
		"CompanyName": "Meliva",
		"Quantity": "140",
		"QuantityUnit": "EA",
		"StockAvailability": 3
	},
	{
		"Product": "HT-9999",
		"Name": "Maxi Tablet",
		"CompanyName": "Mexican Oil Trading Company",
		"Quantity": "146",
		"QuantityUnit": "EA",
		"StockAvailability": 3
	},
	{
		"Product": "PF-1000",
		"Name": "Flyer",
		"CompanyName": "Robert Brown Entertainment",
		"Quantity": "143",
		"QuantityUnit": "EA",
		"StockAvailability": 3
	}
]