[
	{
		"ProductReviewPostUUID": "0050568c-901d-1ed7-8de0-7b3d046a60f5",
		"Name": "Notebook Basic 18",
		"ReviewDateTime": "/Date(1492984800000+0000)/",
		"ReviewRatingValue": 1,
		"FormattedContactName": "Victor Sanchez",
		"Product": "HT-1002",
		"ProductPictureURL": "../localService/mockdata/images/HT-1002.jpg",
		"Supplier": "100000002",
		"SupplierName": "DelBont Industries"
	},
	{
		"ProductReviewPostUUID": "0050568c-901d-1ed7-8de0-7b3d046a80f5",
		"Name": "Notebook Basic 18",
		"ReviewDateTime": "/Date(1494280800000+0000)/",
		"ReviewRatingValue": 3,
		"FormattedContactName": "Angélica Pretelini",
		"Product": "HT-1002",
		"ProductPictureURL": "../localService/mockdata/images/HT-1002.jpg",
		"Supplier": "100000002",
		"SupplierName": "DelBont Industries"
	},
	{
		"ProductReviewPostUUID": "0050568c-901d-1ed7-8de0-7b3d046c40f5",
		"Name": "Notebook Basic 19",
		"ReviewDateTime": "/Date(1492207200000+0000)/",
		"ReviewRatingValue": 3,
		"FormattedContactName": "Jesse Charley",
		"Product": "HT-1003",
		"ProductPictureURL": "../localService/mockdata/images/HT-1003.jpg",
		"Supplier": "100000003",
		"SupplierName": "Talpa"
	},
	{
		"ProductReviewPostUUID": "0050568c-901d-1ed7-8de0-7b3d046c60f5",
		"Name": "Notebook Basic 19",
		"ReviewDateTime": "/Date(1492984800000+0000)/",
		"ReviewRatingValue": 5,
		"FormattedContactName": "Jorge Montalban",
		"Product": "HT-1003",
		"ProductPictureURL": "../localService/mockdata/images/HT-1003.jpg",
		"Supplier": "100000003",
		"SupplierName": "Talpa"
	},
	{
		"ProductReviewPostUUID": "0050568c-901d-1ed7-8de0-7b3d046c80f5",
		"Name": "Notebook Basic 19",
		"ReviewDateTime": "/Date(1493762400000+0000)/",
		"ReviewRatingValue": 2,
		"FormattedContactName": "Danilo Ferreira",
		"Product": "HT-1003",
		"ProductPictureURL": "../localService/mockdata/images/HT-1003.jpg",
		"Supplier": "100000003",
		"SupplierName": "Talpa"
	},
	{
		"ProductReviewPostUUID": "0050568c-901d-1ed7-8de0-7b3d046ec0f5",
		"Name": "Notebook Professional 17",
		"ReviewDateTime": "/Date(1492639200000+0000)/",
		"ReviewRatingValue": 5,
		"FormattedContactName": "Lorella Bottegoni",
		"Product": "HT-1011",
		"ProductPictureURL": "../localService/mockdata/images/HT-1011.jpg",
		"Supplier": "100000006",
		"SupplierName": "Asia High tech"
	},
	{
		"ProductReviewPostUUID": "0050568c-901d-1ed7-8de0-7b3d046ee0f5",
		"Name": "Notebook Professional 17",
		"ReviewDateTime": "/Date(1493676000000+0000)/",
		"ReviewRatingValue": 1,
		"FormattedContactName": "Romain Le Mason",
		"Product": "HT-1011",
		"ProductPictureURL": "../localService/mockdata/images/HT-1011.jpg",
		"Supplier": "100000006",
		"SupplierName": "Asia High tech"
	},
	{
		"ProductReviewPostUUID": "0050568c-901d-1ed7-8de0-7b3d047140f5",
		"Name": "Comfort Easy",
		"ReviewDateTime": "/Date(1492207200000+0000)/",
		"ReviewRatingValue": 4,
		"FormattedContactName": "Melisa Guetta",
		"Product": "HT-1022",
		"ProductPictureURL": "../localService/mockdata/images/HT-1022.jpg",
		"Supplier": "100000009",
		"SupplierName": "Telecomunicaciones Star"
	},
	{
		"ProductReviewPostUUID": "0050568c-901d-1ed7-8de0-7b3d047160f5",
		"Name": "Comfort Easy",
		"ReviewDateTime": "/Date(1492552800000+0000)/",
		"ReviewRatingValue": 3,
		"FormattedContactName": "Dahoma Lawla",
		"Product": "HT-1022",
		"ProductPictureURL": "../localService/mockdata/images/HT-1022.jpg",
		"Supplier": "100000009",
		"SupplierName": "Telecomunicaciones Star"
	},
	{
		"ProductReviewPostUUID": "0050568c-901d-1ed7-8de0-7b3d047180f5",
		"Name": "Comfort Easy",
		"ReviewDateTime": "/Date(1492898400000+0000)/",
		"ReviewRatingValue": 4,
		"FormattedContactName": "Nonkululeko Van Der Walt",
		"Product": "HT-1022",
		"ProductPictureURL": "../localService/mockdata/images/HT-1022.jpg",
		"Supplier": "100000009",
		"SupplierName": "Telecomunicaciones Star"
	},
	{
		"ProductReviewPostUUID": "0050568c-901d-1ed7-8de0-7b3d0471a0f5",
		"Name": "Comfort Senior",
		"ReviewDateTime": "/Date(1493071200000+0000)/",
		"ReviewRatingValue": 2,
		"FormattedContactName": "Jefferson Parker",
		"Product": "HT-1023",
		"ProductPictureURL": "../localService/mockdata/images/HT-1023.jpg",
		"Supplier": "100000010",
		"SupplierName": "Pear Computing Services"
	},
	{
		"ProductReviewPostUUID": "0050568c-901d-1ed7-8de0-7b3d0471c0f5",
		"Name": "Comfort Senior",
		"ReviewDateTime": "/Date(1493244000000+0000)/",
		"ReviewRatingValue": 5,
		"FormattedContactName": "Steve Gallion",
		"Product": "HT-1023",
		"ProductPictureURL": "../localService/mockdata/images/HT-1023.jpg",
		"Supplier": "100000010",
		"SupplierName": "Pear Computing Services"
	},
	{
		"ProductReviewPostUUID": "0050568c-901d-1ed7-8de0-7b3d047340f5",
		"Name": "Ergo Screen E-I",
		"ReviewDateTime": "/Date(1493244000000+0000)/",
		"ReviewRatingValue": 5,
		"FormattedContactName": "Charlotte Hojby",
		"Product": "HT-1030",
		"ProductPictureURL": "../localService/mockdata/images/HT-1030.jpg",
		"Supplier": "100000011",
		"SupplierName": "Alpine Systems"
	},
	{
		"ProductReviewPostUUID": "0050568c-901d-1ed7-8de0-7b3d047500f5",
		"Name": "Ergo Screen E-II",
		"ReviewDateTime": "/Date(1492984800000+0000)/",
		"ReviewRatingValue": 4,
		"FormattedContactName": "Timothy Oshaughnessy",
		"Product": "HT-1031",
		"ProductPictureURL": "../localService/mockdata/images/HT-1031.jpg",
		"Supplier": "100000012",
		"SupplierName": "New Line Design"
	},
	{
		"ProductReviewPostUUID": "0050568c-901d-1ed7-8de0-7b3d047520f5",
		"Name": "Ergo Screen E-II",
		"ReviewDateTime": "/Date(1494021600000+0000)/",
		"ReviewRatingValue": 5,
		"FormattedContactName": "Bart Koenig",
		"Product": "HT-1031",
		"ProductPictureURL": "../localService/mockdata/images/HT-1031.jpg",
		"Supplier": "100000012",
		"SupplierName": "New Line Design"
	},
	{
		"ProductReviewPostUUID": "0050568c-901d-1ed7-8de0-7b3d047740f5",
		"Name": "Flat XL",
		"ReviewDateTime": "/Date(1492034400000+0000)/",
		"ReviewRatingValue": 5,
		"FormattedContactName": "Marko König",
		"Product": "HT-1037",
		"ProductPictureURL": "../localService/mockdata/images/HT-1037.jpg",
		"Supplier": "100000016",
		"SupplierName": "Mexican Oil Trading Company"
	},
	{
		"ProductReviewPostUUID": "0050568c-901d-1ed7-8de0-7b3d047760f5",
		"Name": "Flat XL",
		"ReviewDateTime": "/Date(1492984800000+0000)/",
		"ReviewRatingValue": 4,
		"FormattedContactName": "Theodor Monathy",
		"Product": "HT-1037",
		"ProductPictureURL": "../localService/mockdata/images/HT-1037.jpg",
		"Supplier": "100000016",
		"SupplierName": "Mexican Oil Trading Company"
	},
	{
		"ProductReviewPostUUID": "0050568c-901d-1ed7-8de0-7b3d047780f5",
		"Name": "Flat XL",
		"ReviewDateTime": "/Date(1493935200000+0000)/",
		"ReviewRatingValue": 2,
		"FormattedContactName": "Carlene McCutcheon",
		"Product": "HT-1037",
		"ProductPictureURL": "../localService/mockdata/images/HT-1037.jpg",
		"Supplier": "100000016",
		"SupplierName": "Mexican Oil Trading Company"
	},
	{
		"ProductReviewPostUUID": "0050568c-901d-1ed7-8de0-7b3d047960f5",
		"Name": "Laser Professional Eco",
		"ReviewDateTime": "/Date(1492898400000+0000)/",
		"ReviewRatingValue": 1,
		"FormattedContactName": "Cristal Alfaro",
		"Product": "HT-1040",
		"ProductPictureURL": "../localService/mockdata/images/HT-1040.jpg",
		"Supplier": "100000017",
		"SupplierName": "Meliva"
	},
	{
		"ProductReviewPostUUID": "0050568c-901d-1ed7-8de0-7b3d047980f5",
		"Name": "Laser Professional Eco",
		"ReviewDateTime": "/Date(1493935200000+0000)/",
		"ReviewRatingValue": 1,
		"FormattedContactName": "Manuela Carmena",
		"Product": "HT-1040",
		"ProductPictureURL": "../localService/mockdata/images/HT-1040.jpg",
		"Supplier": "100000017",
		"SupplierName": "Meliva"
	},
	{
		"ProductReviewPostUUID": "0050568c-901d-1ed7-8de0-7b3d047b20f5",
		"Name": "Laser Basic",
		"ReviewDateTime": "/Date(1492984800000+0000)/",
		"ReviewRatingValue": 2,
		"FormattedContactName": "Anthony Leboeuf",
		"Product": "HT-1041",
		"ProductPictureURL": "../localService/mockdata/images/HT-1041.jpg",
		"Supplier": "100000018",
		"SupplierName": "Compostela"
	},
	{
		"ProductReviewPostUUID": "0050568c-901d-1ed7-8de0-7b3d047b40f5",
		"Name": "Laser Basic",
		"ReviewDateTime": "/Date(1494194400000+0000)/",
		"ReviewRatingValue": 4,
		"FormattedContactName": "Pascale Monty-Demers",
		"Product": "HT-1041",
		"ProductPictureURL": "../localService/mockdata/images/HT-1041.jpg",
		"Supplier": "100000018",
		"SupplierName": "Compostela"
	},
	{
		"ProductReviewPostUUID": "0050568c-901d-1ed7-8de0-7b3d047d80f5",
		"Name": "Ultra Jet Mobile",
		"ReviewDateTime": "/Date(1492120800000+0000)/",
		"ReviewRatingValue": 1,
		"FormattedContactName": "Lukas Fleischer",
		"Product": "HT-1051",
		"ProductPictureURL": "../localService/mockdata/images/HT-1051.jpg",
		"Supplier": "100000021",
		"SupplierName": "Florida Holiday Company"
	},
	{
		"ProductReviewPostUUID": "0050568c-901d-1ed7-8de0-7b3d047da0f5",
		"Name": "Ultra Jet Mobile",
		"ReviewDateTime": "/Date(1493416800000+0000)/",
		"ReviewRatingValue": 4,
		"FormattedContactName": "Sunita Kapoor",
		"Product": "HT-1051",
		"ProductPictureURL": "../localService/mockdata/images/HT-1051.jpg",
		"Supplier": "100000021",
		"SupplierName": "Florida Holiday Company"
	},
	{
		"ProductReviewPostUUID": "0050568c-901d-1ed7-8de0-7b3d047f20f5",
		"Name": "Ultra Jet Super Highspeed",
		"ReviewDateTime": "/Date(1492380000000+0000)/",
		"ReviewRatingValue": 3,
		"FormattedContactName": "Demo User",
		"Product": "HT-1052",
		"ProductPictureURL": "../localService/mockdata/images/HT-1052.jpg",
		"Supplier": "100000022",
		"SupplierName": "Quimica Madrilenos"
	},
	{
		"ProductReviewPostUUID": "0050568c-901d-1ed7-8de0-7b3d047f40f5",
		"Name": "Ultra Jet Super Highspeed",
		"ReviewDateTime": "/Date(1492812000000+0000)/",
		"ReviewRatingValue": 1,
		"FormattedContactName": "Ulrich Scholz",
		"Product": "HT-1052",
		"ProductPictureURL": "../localService/mockdata/images/HT-1052.jpg",
		"Supplier": "100000022",
		"SupplierName": "Quimica Madrilenos"
	},
	{
		"ProductReviewPostUUID": "0050568c-901d-1ed7-8de0-7b3d047f60f5",
		"Name": "Ultra Jet Super Highspeed",
		"ReviewDateTime": "/Date(1493244000000+0000)/",
		"ReviewRatingValue": 3,
		"FormattedContactName": "Karl Müller",
		"Product": "HT-1052",
		"ProductPictureURL": "../localService/mockdata/images/HT-1052.jpg",
		"Supplier": "100000022",
		"SupplierName": "Quimica Madrilenos"
	},
	{
		"ProductReviewPostUUID": "0050568c-901d-1ed7-8de0-7b3d047f80f5",
		"Name": "Ultra Jet Super Highspeed",
		"ReviewDateTime": "/Date(1493676000000+0000)/",
		"ReviewRatingValue": 2,
		"FormattedContactName": "Harald Gahn",
		"Product": "HT-1052",
		"ProductPictureURL": "../localService/mockdata/images/HT-1052.jpg",
		"Supplier": "100000022",
		"SupplierName": "Quimica Madrilenos"
	},
	{
		"ProductReviewPostUUID": "0050568c-901d-1ed7-8de0-7b3d047fa0f5",
		"Name": "Ultra Jet Super Highspeed",
		"ReviewDateTime": "/Date(1494108000000+0000)/",
		"ReviewRatingValue": 1,
		"FormattedContactName": "Dagmar Schulze",
		"Product": "HT-1052",
		"ProductPictureURL": "../localService/mockdata/images/HT-1052.jpg",
		"Supplier": "100000022",
		"SupplierName": "Quimica Madrilenos"
	},
	{
		"ProductReviewPostUUID": "0050568c-901d-1ed7-8de0-7b3d047fc0f5",
		"Name": "Multi Print",
		"ReviewDateTime": "/Date(1494194400000+0000)/",
		"ReviewRatingValue": 4,
		"FormattedContactName": "Ursula Wexler",
		"Product": "HT-1055",
		"ProductPictureURL": "../localService/mockdata/images/HT-1055.jpg",
		"Supplier": "100000023",
		"SupplierName": "Getränkegroßhandel Janssen"
	},
	{
		"ProductReviewPostUUID": "0050568c-901d-1ed7-8de0-7b3d0481e0f5",
		"Name": "Cordless Mouse",
		"ReviewDateTime": "/Date(1492812000000+0000)/",
		"ReviewRatingValue": 4,
		"FormattedContactName": "Franklin Jones",
		"Product": "HT-1060",
		"ProductPictureURL": "../localService/mockdata/images/HT-1060.jpg",
		"Supplier": "100000025",
		"SupplierName": "Tessile Casa Di Roma"
	},
	{
		"ProductReviewPostUUID": "0050568c-901d-1ed7-8de0-7b3d048200f5",
		"Name": "Cordless Mouse",
		"ReviewDateTime": "/Date(1493676000000+0000)/",
		"ReviewRatingValue": 2,
		"FormattedContactName": "Esther Ramirez",
		"Product": "HT-1060",
		"ProductPictureURL": "../localService/mockdata/images/HT-1060.jpg",
		"Supplier": "100000025",
		"SupplierName": "Tessile Casa Di Roma"
	},
	{
		"ProductReviewPostUUID": "0050568c-901d-1ed7-8de0-7b3d0483c0f5",
		"Name": "Speed Mouse",
		"ReviewDateTime": "/Date(1492293600000+0000)/",
		"ReviewRatingValue": 2,
		"FormattedContactName": "Kevin Schroeder",
		"Product": "HT-1061",
		"ProductPictureURL": "../localService/mockdata/images/HT-1061.jpg",
		"Supplier": "100000026",
		"SupplierName": "Vente Et Réparation de Ordinateur"
	},
	{
		"ProductReviewPostUUID": "0050568c-901d-1ed7-8de0-7b3d0483e0f5",
		"Name": "Track Mouse",
		"ReviewDateTime": "/Date(1492898400000+0000)/",
		"ReviewRatingValue": 1,
		"FormattedContactName": "Miguel Luengo",
		"Product": "HT-1062",
		"ProductPictureURL": "../localService/mockdata/images/HT-1062.jpg",
		"Supplier": "100000027",
		"SupplierName": "Developement Para O Governo"
	},
	{
		"ProductReviewPostUUID": "0050568c-901d-1ed7-8de0-7b3d048400f5",
		"Name": "Track Mouse",
		"ReviewDateTime": "/Date(1493503200000+0000)/",
		"ReviewRatingValue": 1,
		"FormattedContactName": "Carla Cardoso",
		"Product": "HT-1062",
		"ProductPictureURL": "../localService/mockdata/images/HT-1062.jpg",
		"Supplier": "100000027",
		"SupplierName": "Developement Para O Governo"
	},
	{
		"ProductReviewPostUUID": "0050568c-901d-1ed7-8de0-7b3d048420f5",
		"Name": "Track Mouse",
		"ReviewDateTime": "/Date(1494108000000+0000)/",
		"ReviewRatingValue": 3,
		"FormattedContactName": "Isabel Nemours",
		"Product": "HT-1062",
		"ProductPictureURL": "../localService/mockdata/images/HT-1062.jpg",
		"Supplier": "100000027",
		"SupplierName": "Developement Para O Governo"
	},
	{
		"ProductReviewPostUUID": "0050568c-901d-1ed7-8de0-7b3d0485e0f5",
		"Name": "Ergonomic Keyboard",
		"ReviewDateTime": "/Date(1492898400000+0000)/",
		"ReviewRatingValue": 4,
		"FormattedContactName": "Romain Le Mason",
		"Product": "HT-1063",
		"ProductPictureURL": "../localService/mockdata/images/HT-1063.jpg",
		"Supplier": "100000028",
		"SupplierName": "Brazil Technologies"
	},
	{
		"ProductReviewPostUUID": "0050568c-901d-1ed7-8de0-7b3d048600f5",
		"Name": "Ergonomic Keyboard",
		"ReviewDateTime": "/Date(1494108000000+0000)/",
		"ReviewRatingValue": 3,
		"FormattedContactName": "Sebastien Frati",
		"Product": "HT-1063",
		"ProductPictureURL": "../localService/mockdata/images/HT-1063.jpg",
		"Supplier": "100000028",
		"SupplierName": "Brazil Technologies"
	},
	{
		"ProductReviewPostUUID": "0050568c-901d-1ed7-8de0-7b3d048800f5",
		"Name": "Media Keyboard",
		"ReviewDateTime": "/Date(1492552800000+0000)/",
		"ReviewRatingValue": 5,
		"FormattedContactName": "Wenyun Hen",
		"Product": "HT-1065",
		"ProductPictureURL": "../localService/mockdata/images/HT-1065.jpg",
		"Supplier": "100000030",
		"SupplierName": "Jologa"
	},
	{
		"ProductReviewPostUUID": "0050568c-901d-1ed7-8de0-7b3d048820f5",
		"Name": "Media Keyboard",
		"ReviewDateTime": "/Date(1493589600000+0000)/",
		"ReviewRatingValue": 2,
		"FormattedContactName": "José Lopez",
		"Product": "HT-1065",
		"ProductPictureURL": "../localService/mockdata/images/HT-1065.jpg",
		"Supplier": "100000030",
		"SupplierName": "Jologa"
	},
	{
		"ProductReviewPostUUID": "0050568c-901d-1ed7-8de0-7b3d048a40f5",
		"Name": "Ergo Mousepad",
		"ReviewDateTime": "/Date(1492812000000+0000)/",
		"ReviewRatingValue": 1,
		"FormattedContactName": "Charlotte Hojby",
		"Product": "HT-1067",
		"ProductPictureURL": "../localService/mockdata/images/HT-1067.jpg",
		"Supplier": "100000032",
		"SupplierName": "Angeré"
	},
	{
		"ProductReviewPostUUID": "0050568c-901d-1ed7-8de0-7b3d048a60f5",
		"Name": "Ergo Mousepad",
		"ReviewDateTime": "/Date(1493935200000+0000)/",
		"ReviewRatingValue": 5,
		"FormattedContactName": "Mirjam Schmidt",
		"Product": "HT-1067",
		"ProductPictureURL": "../localService/mockdata/images/HT-1067.jpg",
		"Supplier": "100000032",
		"SupplierName": "Angeré"
	},
	{
		"ProductReviewPostUUID": "0050568c-901d-1ed7-8de0-7b3d048c40f5",
		"Name": "Universal card reader",
		"ReviewDateTime": "/Date(1492466400000+0000)/",
		"ReviewRatingValue": 2,
		"FormattedContactName": "Nicole Bohm",
		"Product": "HT-1069",
		"ProductPictureURL": "../localService/mockdata/images/HT-1069.jpg",
		"Supplier": "100000034",
		"SupplierName": "Japan Insurance Partner"
	},
	{
		"ProductReviewPostUUID": "0050568c-901d-1ed7-8de0-7b3d048c60f5",
		"Name": "Universal card reader",
		"ReviewDateTime": "/Date(1493676000000+0000)/",
		"ReviewRatingValue": 4,
		"FormattedContactName": "Yoko Nakamura",
		"Product": "HT-1069",
		"ProductPictureURL": "../localService/mockdata/images/HT-1069.jpg",
		"Supplier": "100000034",
		"SupplierName": "Japan Insurance Partner"
	},
	{
		"ProductReviewPostUUID": "0050568c-901d-1ed7-8de0-7b3d048de0f5",
		"Name": "Proctra X",
		"ReviewDateTime": "/Date(1492293600000+0000)/",
		"ReviewRatingValue": 5,
		"FormattedContactName": "George Grant",
		"Product": "HT-1070",
		"ProductPictureURL": "../localService/mockdata/images/HT-1070.jpg",
		"Supplier": "100000035",
		"SupplierName": "Entertainment Argentinia"
	},
	{
		"ProductReviewPostUUID": "0050568c-901d-1ed7-8de0-7b3d048e00f5",
		"Name": "Proctra X",
		"ReviewDateTime": "/Date(1493503200000+0000)/",
		"ReviewRatingValue": 5,
		"FormattedContactName": "Brigida Wright",
		"Product": "HT-1070",
		"ProductPictureURL": "../localService/mockdata/images/HT-1070.jpg",
		"Supplier": "100000035",
		"SupplierName": "Entertainment Argentinia"
	},
	{
		"ProductReviewPostUUID": "0050568c-901d-1ed7-8de0-7b3d048fc0f5",
		"Name": "Gladiator MX",
		"ReviewDateTime": "/Date(1492639200000+0000)/",
		"ReviewRatingValue": 5,
		"FormattedContactName": "Dominique Sorain",
		"Product": "HT-1071",
		"ProductPictureURL": "../localService/mockdata/images/HT-1071.jpg",
		"Supplier": "100000036",
		"SupplierName": "African Gold And Diamond Corporation"
	},
	{
		"ProductReviewPostUUID": "0050568c-901d-1ed7-8de0-7b3d048fe0f5",
		"Name": "Gladiator MX",
		"ReviewDateTime": "/Date(1493330400000+0000)/",
		"ReviewRatingValue": 2,
		"FormattedContactName": "Igor Tarassow",
		"Product": "HT-1071",
		"ProductPictureURL": "../localService/mockdata/images/HT-1071.jpg",
		"Supplier": "100000036",
		"SupplierName": "African Gold And Diamond Corporation"
	},
	{
		"ProductReviewPostUUID": "0050568c-901d-1ed7-8de0-7b3d049000f5",
		"Name": "Gladiator MX",
		"ReviewDateTime": "/Date(1494021600000+0000)/",
		"ReviewRatingValue": 2,
		"FormattedContactName": "Swetlana Karaseva",
		"Product": "HT-1071",
		"ProductPictureURL": "../localService/mockdata/images/HT-1071.jpg",
		"Supplier": "100000036",
		"SupplierName": "African Gold And Diamond Corporation"
	},
	{
		"ProductReviewPostUUID": "0050568c-901d-1ed7-8de0-7b3d049240f5",
		"Name": "Photo Scan",
		"ReviewDateTime": "/Date(1492984800000+0000)/",
		"ReviewRatingValue": 1,
		"FormattedContactName": "Pascale Monty-Demers",
		"Product": "HT-1080",
		"ProductPictureURL": "../localService/mockdata/images/HT-1080.jpg",
		"Supplier": "100000039",
		"SupplierName": "Indian IT Trading Company"
	},
	{
		"ProductReviewPostUUID": "0050568c-901d-1ed7-8de0-7b3d049260f5",
		"Name": "Photo Scan",
		"ReviewDateTime": "/Date(1494108000000+0000)/",
		"ReviewRatingValue": 4,
		"FormattedContactName": "Lisa Felske",
		"Product": "HT-1080",
		"ProductPictureURL": "../localService/mockdata/images/HT-1080.jpg",
		"Supplier": "100000039",
		"SupplierName": "Indian IT Trading Company"
	},
	{
		"ProductReviewPostUUID": "0050568c-901d-1ed7-8de0-7b3d0494e0f5",
		"Name": "Copymaster",
		"ReviewDateTime": "/Date(1492034400000+0000)/",
		"ReviewRatingValue": 2,
		"FormattedContactName": "Pawel Lewandowski",
		"Product": "HT-1085",
		"ProductPictureURL": "../localService/mockdata/images/HT-1085.jpg",
		"Supplier": "100000043",
		"SupplierName": "Danish Fish Trading Company"
	},
	{
		"ProductReviewPostUUID": "0050568c-901d-1ed7-8de0-7b3d049500f5",
		"Name": "Copymaster",
		"ReviewDateTime": "/Date(1492984800000+0000)/",
		"ReviewRatingValue": 5,
		"FormattedContactName": "Michal Jezienicki",
		"Product": "HT-1085",
		"ProductPictureURL": "../localService/mockdata/images/HT-1085.jpg",
		"Supplier": "100000043",
		"SupplierName": "Danish Fish Trading Company"
	},
	{
		"ProductReviewPostUUID": "0050568c-901d-1ed7-8de0-7b3d049520f5",
		"Name": "Copymaster",
		"ReviewDateTime": "/Date(1493935200000+0000)/",
		"ReviewRatingValue": 1,
		"FormattedContactName": "Laura Campillo",
		"Product": "HT-1085",
		"ProductPictureURL": "../localService/mockdata/images/HT-1085.jpg",
		"Supplier": "100000043",
		"SupplierName": "Danish Fish Trading Company"
	},
	{
		"ProductReviewPostUUID": "0050568c-901d-1ed7-8de0-7b3d0496e0f5",
		"Name": "Surround Sound",
		"ReviewDateTime": "/Date(1492898400000+0000)/",
		"ReviewRatingValue": 3,
		"FormattedContactName": "Maria Brown",
		"Product": "HT-1090",
		"ProductPictureURL": "../localService/mockdata/images/HT-1090.jpg",
		"Supplier": "100000044",
		"SupplierName": "Sorali"
	},
	{
		"ProductReviewPostUUID": "0050568c-901d-1ed7-8de0-7b3d049700f5",
		"Name": "Surround Sound",
		"ReviewDateTime": "/Date(1494108000000+0000)/",
		"ReviewRatingValue": 1,
		"FormattedContactName": "Sam Pelt",
		"Product": "HT-1090",
		"ProductPictureURL": "../localService/mockdata/images/HT-1090.jpg",
		"Supplier": "100000044",
		"SupplierName": "Sorali"
	},
	{
		"ProductReviewPostUUID": "0050568c-901d-1ed7-8de0-7b3d049920f5",
		"Name": "Sound Booster",
		"ReviewDateTime": "/Date(1492552800000+0000)/",
		"ReviewRatingValue": 2,
		"FormattedContactName": "Joseph Gschwandtner",
		"Product": "HT-1092",
		"ProductPictureURL": "../localService/mockdata/images/HT-1092.jpg",
		"Supplier": "100000001",
		"SupplierName": "Becker Berlin"
	},
	{
		"ProductReviewPostUUID": "0050568c-901d-1ed7-8de0-7b3d049940f5",
		"Name": "Sound Booster",
		"ReviewDateTime": "/Date(1493244000000+0000)/",
		"ReviewRatingValue": 5,
		"FormattedContactName": "Karolin Schröder",
		"Product": "HT-1092",
		"ProductPictureURL": "../localService/mockdata/images/HT-1092.jpg",
		"Supplier": "100000001",
		"SupplierName": "Becker Berlin"
	},
	{
		"ProductReviewPostUUID": "0050568c-901d-1ed7-8de0-7b3d049960f5",
		"Name": "Sound Booster",
		"ReviewDateTime": "/Date(1493935200000+0000)/",
		"ReviewRatingValue": 3,
		"FormattedContactName": "George Grant",
		"Product": "HT-1092",
		"ProductPictureURL": "../localService/mockdata/images/HT-1092.jpg",
		"Supplier": "100000001",
		"SupplierName": "Becker Berlin"
	},
	{
		"ProductReviewPostUUID": "0050568c-901d-1ed7-8de0-7b3d049be0f5",
		"Name": "Smart Network",
		"ReviewDateTime": "/Date(1492380000000+0000)/",
		"ReviewRatingValue": 1,
		"FormattedContactName": "Cristal Alfaro",
		"Product": "HT-1102",
		"ProductPictureURL": "../localService/mockdata/images/HT-1102.jpg",
		"Supplier": "100000004",
		"SupplierName": "Panorama Studios"
	},
	{
		"ProductReviewPostUUID": "0050568c-901d-1ed7-8de0-7b3d049c00f5",
		"Name": "Smart Network",
		"ReviewDateTime": "/Date(1492984800000+0000)/",
		"ReviewRatingValue": 1,
		"FormattedContactName": "Manuela Carmena",
		"Product": "HT-1102",
		"ProductPictureURL": "../localService/mockdata/images/HT-1102.jpg",
		"Supplier": "100000004",
		"SupplierName": "Panorama Studios"
	},
	{
		"ProductReviewPostUUID": "0050568c-901d-1ed7-8de0-7b3d049c20f5",
		"Name": "Smart Network",
		"ReviewDateTime": "/Date(1493589600000+0000)/",
		"ReviewRatingValue": 3,
		"FormattedContactName": "Sven Janssen",
		"Product": "HT-1102",
		"ProductPictureURL": "../localService/mockdata/images/HT-1102.jpg",
		"Supplier": "100000004",
		"SupplierName": "Panorama Studios"
	},
	{
		"ProductReviewPostUUID": "0050568c-901d-1ed7-8de0-7b3d049c40f5",
		"Name": "Smart Network",
		"ReviewDateTime": "/Date(1494194400000+0000)/",
		"ReviewRatingValue": 3,
		"FormattedContactName": "Leah Aachen",
		"Product": "HT-1102",
		"ProductPictureURL": "../localService/mockdata/images/HT-1102.jpg",
		"Supplier": "100000004",
		"SupplierName": "Panorama Studios"
	},
	{
		"ProductReviewPostUUID": "0050568c-901d-1ed7-8de0-7b3d049ee0f5",
		"Name": "Smart Internet Antivirus",
		"ReviewDateTime": "/Date(1492120800000+0000)/",
		"ReviewRatingValue": 1,
		"FormattedContactName": "Ryu Toshiro",
		"Product": "HT-1105",
		"ProductPictureURL": "../localService/mockdata/images/HT-1105.jpg",
		"Supplier": "100000007",
		"SupplierName": "Laurent"
	},
	{
		"ProductReviewPostUUID": "0050568c-901d-1ed7-8de0-7b3d049f00f5",
		"Name": "Smart Internet Antivirus",
		"ReviewDateTime": "/Date(1492812000000+0000)/",
		"ReviewRatingValue": 4,
		"FormattedContactName": "Wenyun Hen",
		"Product": "HT-1105",
		"ProductPictureURL": "../localService/mockdata/images/HT-1105.jpg",
		"Supplier": "100000007",
		"SupplierName": "Laurent"
	},
	{
		"ProductReviewPostUUID": "0050568c-901d-1ed7-8de0-7b3d049f20f5",
		"Name": "Smart Internet Antivirus",
		"ReviewDateTime": "/Date(1493503200000+0000)/",
		"ReviewRatingValue": 2,
		"FormattedContactName": "José Lopez",
		"Product": "HT-1105",
		"ProductPictureURL": "../localService/mockdata/images/HT-1105.jpg",
		"Supplier": "100000007",
		"SupplierName": "Laurent"
	},
	{
		"ProductReviewPostUUID": "0050568c-901d-1ed7-8de0-7b3d049f40f5",
		"Name": "Smart Internet Antivirus",
		"ReviewDateTime": "/Date(1494194400000+0000)/",
		"ReviewRatingValue": 5,
		"FormattedContactName": "Melisa Guetta",
		"Product": "HT-1105",
		"ProductPictureURL": "../localService/mockdata/images/HT-1105.jpg",
		"Supplier": "100000007",
		"SupplierName": "Laurent"
	},
	{
		"ProductReviewPostUUID": "0050568c-901d-1ed7-8de0-7b3d04a140f5",
		"Name": "Smart Money",
		"ReviewDateTime": "/Date(1492898400000+0000)/",
		"ReviewRatingValue": 1,
		"FormattedContactName": "Charlotte Hojby",
		"Product": "HT-1107",
		"ProductPictureURL": "../localService/mockdata/images/HT-1107.jpg",
		"Supplier": "100000009",
		"SupplierName": "Telecomunicaciones Star"
	},
	{
		"ProductReviewPostUUID": "0050568c-901d-1ed7-8de0-7b3d04a160f5",
		"Name": "Smart Money",
		"ReviewDateTime": "/Date(1494108000000+0000)/",
		"ReviewRatingValue": 3,
		"FormattedContactName": "Mirjam Schmidt",
		"Product": "HT-1107",
		"ProductPictureURL": "../localService/mockdata/images/HT-1107.jpg",
		"Supplier": "100000009",
		"SupplierName": "Telecomunicaciones Star"
	},
	{
		"ProductReviewPostUUID": "0050568c-901d-1ed7-8de0-7b3d04a3c0f5",
		"Name": "Notebook Lock",
		"ReviewDateTime": "/Date(1492293600000+0000)/",
		"ReviewRatingValue": 2,
		"FormattedContactName": "Jean-Louis Pasqua",
		"Product": "HT-1111",
		"ProductPictureURL": "../localService/mockdata/images/HT-1111.jpg",
		"Supplier": "100000011",
		"SupplierName": "Alpine Systems"
	},
	{
		"ProductReviewPostUUID": "0050568c-901d-1ed7-8de0-7b3d04a3e0f5",
		"Name": "Web cam reality",
		"ReviewDateTime": "/Date(1493071200000+0000)/",
		"ReviewRatingValue": 5,
		"FormattedContactName": "Victor Sanchez",
		"Product": "HT-1112",
		"ProductPictureURL": "../localService/mockdata/images/HT-1112.jpg",
		"Supplier": "100000012",
		"SupplierName": "New Line Design"
	},
	{
		"ProductReviewPostUUID": "0050568c-901d-1ed7-8de0-7b3d04a400f5",
		"Name": "Web cam reality",
		"ReviewDateTime": "/Date(1493848800000+0000)/",
		"ReviewRatingValue": 4,
		"FormattedContactName": "Angélica Pretelini",
		"Product": "HT-1112",
		"ProductPictureURL": "../localService/mockdata/images/HT-1112.jpg",
		"Supplier": "100000012",
		"SupplierName": "New Line Design"
	},
	{
		"ProductReviewPostUUID": "0050568c-901d-1ed7-8de0-7b3d04a6e0f5",
		"Name": "Wireless DSL Router / Repeater and Print Server",
		"ReviewDateTime": "/Date(1492639200000+0000)/",
		"ReviewRatingValue": 2,
		"FormattedContactName": "Igor Tarassow",
		"Product": "HT-1117",
		"ProductPictureURL": "../localService/mockdata/images/HT-1117.jpg",
		"Supplier": "100000017",
		"SupplierName": "Meliva"
	},
	{
		"ProductReviewPostUUID": "0050568c-901d-1ed7-8de0-7b3d04a700f5",
		"Name": "Wireless DSL Router / Repeater and Print Server",
		"ReviewDateTime": "/Date(1493935200000+0000)/",
		"ReviewRatingValue": 1,
		"FormattedContactName": "Swetlana Karaseva",
		"Product": "HT-1117",
		"ProductPictureURL": "../localService/mockdata/images/HT-1117.jpg",
		"Supplier": "100000017",
		"SupplierName": "Meliva"
	},
	{
		"ProductReviewPostUUID": "0050568c-901d-1ed7-8de0-7b3d04a880f5",
		"Name": "Wireless DSL Router / Repeater and Print Server",
		"ReviewDateTime": "/Date(1493244000000+0000)/",
		"ReviewRatingValue": 2,
		"FormattedContactName": "Sebastien Frati",
		"Product": "HT-1117",
		"ProductPictureURL": "../localService/mockdata/images/HT-1117.jpg",
		"Supplier": "100000017",
		"SupplierName": "Meliva"
	},
	{
		"ProductReviewPostUUID": "0050568c-901d-1ed7-8de0-7b3d04aaa0f5",
		"Name": "Cordless Bluetooth Keyboard, english international",
		"ReviewDateTime": "/Date(1492120800000+0000)/",
		"ReviewRatingValue": 3,
		"FormattedContactName": "José Lopez",
		"Product": "HT-1120",
		"ProductPictureURL": "../localService/mockdata/images/HT-1120.jpg",
		"Supplier": "100000019",
		"SupplierName": "Pateu"
	},
	{
		"ProductReviewPostUUID": "0050568c-901d-1ed7-8de0-7b3d04aac0f5",
		"Name": "Cordless Bluetooth Keyboard, english international",
		"ReviewDateTime": "/Date(1493071200000+0000)/",
		"ReviewRatingValue": 3,
		"FormattedContactName": "Melisa Guetta",
		"Product": "HT-1120",
		"ProductPictureURL": "../localService/mockdata/images/HT-1120.jpg",
		"Supplier": "100000019",
		"SupplierName": "Pateu"
	},
	{
		"ProductReviewPostUUID": "0050568c-901d-1ed7-8de0-7b3d04aae0f5",
		"Name": "Cordless Bluetooth Keyboard, english international",
		"ReviewDateTime": "/Date(1494021600000+0000)/",
		"ReviewRatingValue": 5,
		"FormattedContactName": "Dahoma Lawla",
		"Product": "HT-1120",
		"ProductPictureURL": "../localService/mockdata/images/HT-1120.jpg",
		"Supplier": "100000019",
		"SupplierName": "Pateu"
	},
	{
		"ProductReviewPostUUID": "0050568c-901d-1ed7-8de0-7b3d04ae20f5",
		"Name": "Server Professional",
		"ReviewDateTime": "/Date(1493071200000+0000)/",
		"ReviewRatingValue": 2,
		"FormattedContactName": "Saskia Sommer",
		"Product": "HT-1501",
		"ProductPictureURL": "../localService/mockdata/images/HT-1501.jpg",
		"Supplier": "100000024",
		"SupplierName": "JaTeCo"
	},
	{
		"ProductReviewPostUUID": "0050568c-901d-1ed7-8de0-7b3d04ae40f5",
		"Name": "Server Professional",
		"ReviewDateTime": "/Date(1494194400000+0000)/",
		"ReviewRatingValue": 2,
		"FormattedContactName": "Julia Pfeffer",
		"Product": "HT-1501",
		"ProductPictureURL": "../localService/mockdata/images/HT-1501.jpg",
		"Supplier": "100000024",
		"SupplierName": "JaTeCo"
	},
	{
		"ProductReviewPostUUID": "0050568c-901d-1ed7-8de0-7b3d04b020f5",
		"Name": "Flat Watch HD32",
		"ReviewDateTime": "/Date(1492293600000+0000)/",
		"ReviewRatingValue": 2,
		"FormattedContactName": "Joseph Gschwandtner",
		"Product": "HT-6130",
		"ProductPictureURL": "../localService/mockdata/images/HT-6130.jpg",
		"Supplier": "100000026",
		"SupplierName": "Vente Et Réparation de Ordinateur"
	},
	{
		"ProductReviewPostUUID": "0050568c-901d-1ed7-8de0-7b3d04b040f5",
		"Name": "Flat Watch HD32",
		"ReviewDateTime": "/Date(1493157600000+0000)/",
		"ReviewRatingValue": 3,
		"FormattedContactName": "Karolin Schröder",
		"Product": "HT-6130",
		"ProductPictureURL": "../localService/mockdata/images/HT-6130.jpg",
		"Supplier": "100000026",
		"SupplierName": "Vente Et Réparation de Ordinateur"
	},
	{
		"ProductReviewPostUUID": "0050568c-901d-1ed7-8de0-7b3d04b060f5",
		"Name": "Flat Watch HD32",
		"ReviewDateTime": "/Date(1494021600000+0000)/",
		"ReviewRatingValue": 4,
		"FormattedContactName": "George Grant",
		"Product": "HT-6130",
		"ProductPictureURL": "../localService/mockdata/images/HT-6130.jpg",
		"Supplier": "100000026",
		"SupplierName": "Vente Et Réparation de Ordinateur"
	},
	{
		"ProductReviewPostUUID": "0050568c-901d-1ed7-8de0-7b3d04b240f5",
		"Name": "Flat Watch HD37",
		"ReviewDateTime": "/Date(1492639200000+0000)/",
		"ReviewRatingValue": 4,
		"FormattedContactName": "Dominique Sorain",
		"Product": "HT-6131",
		"ProductPictureURL": "../localService/mockdata/images/HT-6131.jpg",
		"Supplier": "100000027",
		"SupplierName": "Developement Para O Governo"
	},
	{
		"ProductReviewPostUUID": "0050568c-901d-1ed7-8de0-7b3d04b260f5",
		"Name": "Flat Watch HD37",
		"ReviewDateTime": "/Date(1493676000000+0000)/",
		"ReviewRatingValue": 5,
		"FormattedContactName": "Igor Tarassow",
		"Product": "HT-6131",
		"ProductPictureURL": "../localService/mockdata/images/HT-6131.jpg",
		"Supplier": "100000027",
		"SupplierName": "Developement Para O Governo"
	},
	{
		"ProductReviewPostUUID": "0050568c-901d-1ed7-8de0-7b3d04b560f5",
		"Name": "Lovely Sound 5.1 Wireless",
		"ReviewDateTime": "/Date(1492898400000+0000)/",
		"ReviewRatingValue": 4,
		"FormattedContactName": "Amélie Troyat",
		"Product": "HT-1095",
		"ProductPictureURL": "../localService/mockdata/images/HT-1095.jpg",
		"Supplier": "100000033",
		"SupplierName": "PC Gym Tec"
	},
	{
		"ProductReviewPostUUID": "0050568c-901d-1ed7-8de0-7b3d04b580f5",
		"Name": "Lovely Sound 5.1 Wireless",
		"ReviewDateTime": "/Date(1494108000000+0000)/",
		"ReviewRatingValue": 2,
		"FormattedContactName": "Fouad Martin",
		"Product": "HT-1095",
		"ProductPictureURL": "../localService/mockdata/images/HT-1095.jpg",
		"Supplier": "100000033",
		"SupplierName": "PC Gym Tec"
	},
	{
		"ProductReviewPostUUID": "0050568c-901d-1ed7-8de0-7b3d04b780f5",
		"Name": "Lovely Sound Stereo",
		"ReviewDateTime": "/Date(1492639200000+0000)/",
		"ReviewRatingValue": 1,
		"FormattedContactName": "Michal Jezienicki",
		"Product": "HT-1097",
		"ProductPictureURL": "../localService/mockdata/images/HT-1097.jpg",
		"Supplier": "100000035",
		"SupplierName": "Entertainment Argentinia"
	},
	{
		"ProductReviewPostUUID": "0050568c-901d-1ed7-8de0-7b3d04b7a0f5",
		"Name": "Lovely Sound Stereo",
		"ReviewDateTime": "/Date(1493589600000+0000)/",
		"ReviewRatingValue": 4,
		"FormattedContactName": "Laura Campillo",
		"Product": "HT-1097",
		"ProductPictureURL": "../localService/mockdata/images/HT-1097.jpg",
		"Supplier": "100000035",
		"SupplierName": "Entertainment Argentinia"
	},
	{
		"ProductReviewPostUUID": "0050568c-901d-1ed7-8de0-7b3d04ba40f5",
		"Name": "ITelo Jog-Mate",
		"ReviewDateTime": "/Date(1492207200000+0000)/",
		"ReviewRatingValue": 4,
		"FormattedContactName": "Nicole Bohm",
		"Product": "HT-6121",
		"ProductPictureURL": "../localService/mockdata/images/HT-6121.jpg",
		"Supplier": "100000038",
		"SupplierName": "Bionic Research Lab"
	},
	{
		"ProductReviewPostUUID": "0050568c-901d-1ed7-8de0-7b3d04ba60f5",
		"Name": "ITelo Jog-Mate",
		"ReviewDateTime": "/Date(1492725600000+0000)/",
		"ReviewRatingValue": 1,
		"FormattedContactName": "Yoko Nakamura",
		"Product": "HT-6121",
		"ProductPictureURL": "../localService/mockdata/images/HT-6121.jpg",
		"Supplier": "100000038",
		"SupplierName": "Bionic Research Lab"
	},
	{
		"ProductReviewPostUUID": "0050568c-901d-1ed7-8de0-7b3d04ba80f5",
		"Name": "ITelo Jog-Mate",
		"ReviewDateTime": "/Date(1493244000000+0000)/",
		"ReviewRatingValue": 5,
		"FormattedContactName": "Hidehisa Koshiishi",
		"Product": "HT-6121",
		"ProductPictureURL": "../localService/mockdata/images/HT-6121.jpg",
		"Supplier": "100000038",
		"SupplierName": "Bionic Research Lab"
	},
	{
		"ProductReviewPostUUID": "0050568c-901d-1ed7-8de0-7b3d04baa0f5",
		"Name": "ITelo Jog-Mate",
		"ReviewDateTime": "/Date(1493762400000+0000)/",
		"ReviewRatingValue": 5,
		"FormattedContactName": "Sophie Ribery",
		"Product": "HT-6121",
		"ProductPictureURL": "../localService/mockdata/images/HT-6121.jpg",
		"Supplier": "100000038",
		"SupplierName": "Bionic Research Lab"
	},
	{
		"ProductReviewPostUUID": "0050568c-901d-1ed7-8de0-7b3d04bac0f5",
		"Name": "Record Movie",
		"ReviewDateTime": "/Date(1494280800000+0000)/",
		"ReviewRatingValue": 4,
		"FormattedContactName": "Jean-Louis Pasqua",
		"Product": "HT-6111",
		"ProductPictureURL": "../localService/mockdata/images/HT-6111.jpg",
		"Supplier": "100000040",
		"SupplierName": "Chemia A Technicznie Fabryka"
	},
	{
		"ProductReviewPostUUID": "0050568c-901d-1ed7-8de0-7b3d04bd20f5",
		"Name": "Beam Breaker B-3",
		"ReviewDateTime": "/Date(1492120800000+0000)/",
		"ReviewRatingValue": 4,
		"FormattedContactName": "Johanna Esther",
		"Product": "HT-6102",
		"ProductPictureURL": "../localService/mockdata/images/HT-6102.jpg",
		"Supplier": "100000042",
		"SupplierName": "Siwusha"
	},
	{
		"ProductReviewPostUUID": "0050568c-901d-1ed7-8de0-7b3d04bd40f5",
		"Name": "Beam Breaker B-3",
		"ReviewDateTime": "/Date(1492725600000+0000)/",
		"ReviewRatingValue": 4,
		"FormattedContactName": "Kevin Schroeder",
		"Product": "HT-6102",
		"ProductPictureURL": "../localService/mockdata/images/HT-6102.jpg",
		"Supplier": "100000042",
		"SupplierName": "Siwusha"
	},
	{
		"ProductReviewPostUUID": "0050568c-901d-1ed7-8de0-7b3d04bd60f5",
		"Name": "Beam Breaker B-3",
		"ReviewDateTime": "/Date(1493330400000+0000)/",
		"ReviewRatingValue": 4,
		"FormattedContactName": "Miguel Luengo",
		"Product": "HT-6102",
		"ProductPictureURL": "../localService/mockdata/images/HT-6102.jpg",
		"Supplier": "100000042",
		"SupplierName": "Siwusha"
	},
	{
		"ProductReviewPostUUID": "0050568c-901d-1ed7-8de0-7b3d04bd80f5",
		"Name": "Beam Breaker B-3",
		"ReviewDateTime": "/Date(1493935200000+0000)/",
		"ReviewRatingValue": 4,
		"FormattedContactName": "Carla Cardoso",
		"Product": "HT-6102",
		"ProductPictureURL": "../localService/mockdata/images/HT-6102.jpg",
		"Supplier": "100000042",
		"SupplierName": "Siwusha"
	},
	{
		"ProductReviewPostUUID": "0050568c-901d-1ed7-8de0-7b3d04bda0f5",
		"Name": "Beam Breaker B-2",
		"ReviewDateTime": "/Date(1494021600000+0000)/",
		"ReviewRatingValue": 4,
		"FormattedContactName": "Isabel Nemours",
		"Product": "HT-6101",
		"ProductPictureURL": "../localService/mockdata/images/HT-6101.jpg",
		"Supplier": "100000043",
		"SupplierName": "Danish Fish Trading Company"
	},
	{
		"ProductReviewPostUUID": "0050568c-901d-1ed7-8de0-7b3d04bfc0f5",
		"Name": "Beam Breaker B-1",
		"ReviewDateTime": "/Date(1492034400000+0000)/",
		"ReviewRatingValue": 5,
		"FormattedContactName": "Nicolas Borio",
		"Product": "HT-6100",
		"ProductPictureURL": "../localService/mockdata/images/HT-6100.jpg",
		"Supplier": "100000000",
		"SupplierName": "SAP"
	},
	{
		"ProductReviewPostUUID": "0050568c-901d-1ed7-8de0-7b3d04bfe0f5",
		"Name": "Removable CD/DVD Laser Labels",
		"ReviewDateTime": "/Date(1492380000000+0000)/",
		"ReviewRatingValue": 2,
		"FormattedContactName": "Beatriz da Silva",
		"Product": "HT-2027",
		"ProductPictureURL": "../localService/mockdata/images/HT-2027.jpg",
		"Supplier": "100000001",
		"SupplierName": "Becker Berlin"
	},
	{
		"ProductReviewPostUUID": "0050568c-901d-1ed7-8de0-7b3d04c000f5",
		"Name": "Removable CD/DVD Laser Labels",
		"ReviewDateTime": "/Date(1492725600000+0000)/",
		"ReviewRatingValue": 3,
		"FormattedContactName": "Isabelle Alves",
		"Product": "HT-2027",
		"ProductPictureURL": "../localService/mockdata/images/HT-2027.jpg",
		"Supplier": "100000001",
		"SupplierName": "Becker Berlin"
	},
	{
		"ProductReviewPostUUID": "0050568c-901d-1ed7-8de0-7b3d04c020f5",
		"Name": "Removable CD/DVD Laser Labels",
		"ReviewDateTime": "/Date(1493071200000+0000)/",
		"ReviewRatingValue": 3,
		"FormattedContactName": "Anthony Leboeuf",
		"Product": "HT-2027",
		"ProductPictureURL": "../localService/mockdata/images/HT-2027.jpg",
		"Supplier": "100000001",
		"SupplierName": "Becker Berlin"
	},
	{
		"ProductReviewPostUUID": "0050568c-901d-1ed7-8de0-7b3d04c040f5",
		"Name": "Removable CD/DVD Laser Labels",
		"ReviewDateTime": "/Date(1493416800000+0000)/",
		"ReviewRatingValue": 3,
		"FormattedContactName": "Pascale Monty-Demers",
		"Product": "HT-2027",
		"ProductPictureURL": "../localService/mockdata/images/HT-2027.jpg",
		"Supplier": "100000001",
		"SupplierName": "Becker Berlin"
	},
	{
		"ProductReviewPostUUID": "0050568c-901d-1ed7-8de0-7b3d04c060f5",
		"Name": "Audio/Video Cable Kit - 4m",
		"ReviewDateTime": "/Date(1493589600000+0000)/",
		"ReviewRatingValue": 1,
		"FormattedContactName": "Lisa Felske",
		"Product": "HT-2026",
		"ProductPictureURL": "../localService/mockdata/images/HT-2026.jpg",
		"Supplier": "100000002",
		"SupplierName": "DelBont Industries"
	},
	{
		"ProductReviewPostUUID": "0050568c-901d-1ed7-8de0-7b3d04c080f5",
		"Name": "Audio/Video Cable Kit - 4m",
		"ReviewDateTime": "/Date(1493762400000+0000)/",
		"ReviewRatingValue": 4,
		"FormattedContactName": "Hansjoerg Wegmann",
		"Product": "HT-2026",
		"ProductPictureURL": "../localService/mockdata/images/HT-2026.jpg",
		"Supplier": "100000002",
		"SupplierName": "DelBont Industries"
	},
	{
		"ProductReviewPostUUID": "0050568c-901d-1ed7-8de0-7b3d04c0a0f5",
		"Name": "CD/DVD case: 264 sleeves",
		"ReviewDateTime": "/Date(1494367200000+0000)/",
		"ReviewRatingValue": 4,
		"FormattedContactName": "Jonathan Mason",
		"Product": "HT-2025",
		"ProductPictureURL": "../localService/mockdata/images/HT-2025.jpg",
		"Supplier": "100000003",
		"SupplierName": "Talpa"
	},
	{
		"ProductReviewPostUUID": "0050568c-901d-1ed7-8de0-7b3d04c300f5",
		"Name": "7\" Widescreen Portable DVD Player w MP3",
		"ReviewDateTime": "/Date(1492466400000+0000)/",
		"ReviewRatingValue": 4,
		"FormattedContactName": "Michal Jezienicki",
		"Product": "HT-2000",
		"ProductPictureURL": "../localService/mockdata/images/HT-2000.jpg",
		"Supplier": "100000005",
		"SupplierName": "TECUM"
	},
	{
		"ProductReviewPostUUID": "0050568c-901d-1ed7-8de0-7b3d04c320f5",
		"Name": "7\" Widescreen Portable DVD Player w MP3",
		"ReviewDateTime": "/Date(1493330400000+0000)/",
		"ReviewRatingValue": 1,
		"FormattedContactName": "Laura Campillo",
		"Product": "HT-2000",
		"ProductPictureURL": "../localService/mockdata/images/HT-2000.jpg",
		"Supplier": "100000005",
		"SupplierName": "TECUM"
	},
	{
		"ProductReviewPostUUID": "0050568c-901d-1ed7-8de0-7b3d04c340f5",
		"Name": "7\" Widescreen Portable DVD Player w MP3",
		"ReviewDateTime": "/Date(1494194400000+0000)/",
		"ReviewRatingValue": 3,
		"FormattedContactName": "Guillermo Ferrero",
		"Product": "HT-2000",
		"ProductPictureURL": "../localService/mockdata/images/HT-2000.jpg",
		"Supplier": "100000005",
		"SupplierName": "TECUM"
	},
	{
		"ProductReviewPostUUID": "0050568c-901d-1ed7-8de0-7b3d04c540f5",
		"Name": "Gaming Monster",
		"ReviewDateTime": "/Date(1492293600000+0000)/",
		"ReviewRatingValue": 1,
		"FormattedContactName": "Julia Pfeffer",
		"Product": "HT-1602",
		"ProductPictureURL": "../localService/mockdata/images/HT-1602.jpg",
		"Supplier": "100000007",
		"SupplierName": "Laurent"
	},
	{
		"ProductReviewPostUUID": "0050568c-901d-1ed7-8de0-7b3d04c560f5",
		"Name": "Gaming Monster",
		"ReviewDateTime": "/Date(1493589600000+0000)/",
		"ReviewRatingValue": 4,
		"FormattedContactName": "Bob Buyer",
		"Product": "HT-1602",
		"ProductPictureURL": "../localService/mockdata/images/HT-1602.jpg",
		"Supplier": "100000007",
		"SupplierName": "Laurent"
	},
	{
		"ProductReviewPostUUID": "0050568c-901d-1ed7-8de0-7b3d04c720f5",
		"Name": "Family PC Pro",
		"ReviewDateTime": "/Date(1492380000000+0000)/",
		"ReviewRatingValue": 3,
		"FormattedContactName": "Joseph Gschwandtner",
		"Product": "HT-1601",
		"ProductPictureURL": "../localService/mockdata/images/HT-1601.jpg",
		"Supplier": "100000008",
		"SupplierName": "AVANTEL"
	},
	{
		"ProductReviewPostUUID": "0050568c-901d-1ed7-8de0-7b3d04c740f5",
		"Name": "Family PC Pro",
		"ReviewDateTime": "/Date(1492812000000+0000)/",
		"ReviewRatingValue": 5,
		"FormattedContactName": "Karolin Schröder",
		"Product": "HT-1601",
		"ProductPictureURL": "../localService/mockdata/images/HT-1601.jpg",
		"Supplier": "100000008",
		"SupplierName": "AVANTEL"
	},
	{
		"ProductReviewPostUUID": "0050568c-901d-1ed7-8de0-7b3d04c760f5",
		"Name": "Family PC Basic",
		"ReviewDateTime": "/Date(1493848800000+0000)/",
		"ReviewRatingValue": 1,
		"FormattedContactName": "George Grant",
		"Product": "HT-1600",
		"ProductPictureURL": "../localService/mockdata/images/HT-1600.jpg",
		"Supplier": "100000009",
		"SupplierName": "Telecomunicaciones Star"
	},
	{
		"ProductReviewPostUUID": "0050568c-901d-1ed7-8de0-7b3d04c960f5",
		"Name": "Travel Adapter",
		"ReviewDateTime": "/Date(1492380000000+0000)/",
		"ReviewRatingValue": 4,
		"FormattedContactName": "Igor Tarassow",
		"Product": "HT-1119",
		"ProductPictureURL": "../localService/mockdata/images/HT-1119.jpg",
		"Supplier": "100000010",
		"SupplierName": "Pear Computing Services"
	},
	{
		"ProductReviewPostUUID": "0050568c-901d-1ed7-8de0-7b3d04c980f5",
		"Name": "Travel Adapter",
		"ReviewDateTime": "/Date(1492984800000+0000)/",
		"ReviewRatingValue": 2,
		"FormattedContactName": "Swetlana Karaseva",
		"Product": "HT-1119",
		"ProductPictureURL": "../localService/mockdata/images/HT-1119.jpg",
		"Supplier": "100000010",
		"SupplierName": "Pear Computing Services"
	},
	{
		"ProductReviewPostUUID": "0050568c-901d-1ed7-8de0-7b3d04c9a0f5",
		"Name": "Travel Adapter",
		"ReviewDateTime": "/Date(1493589600000+0000)/",
		"ReviewRatingValue": 3,
		"FormattedContactName": "Alexis Harper",
		"Product": "HT-1119",
		"ProductPictureURL": "../localService/mockdata/images/HT-1119.jpg",
		"Supplier": "100000010",
		"SupplierName": "Pear Computing Services"
	},
	{
		"ProductReviewPostUUID": "0050568c-901d-1ed7-8de0-7b3d04c9c0f5",
		"Name": "ITelO FlexTop I4000",
		"ReviewDateTime": "/Date(1494194400000+0000)/",
		"ReviewRatingValue": 1,
		"FormattedContactName": "Carolyn Yale",
		"Product": "HT-8000",
		"ProductPictureURL": "../localService/mockdata/images/HT-8000.jpg",
		"Supplier": "100000011",
		"SupplierName": "Alpine Systems"
	},
	{
		"ProductReviewPostUUID": "0050568c-901d-1ed7-8de0-7b3d04cbe0f5",
		"Name": "ITelO FlexTop I9100",
		"ReviewDateTime": "/Date(1492466400000+0000)/",
		"ReviewRatingValue": 1,
		"FormattedContactName": "Lisa Felske",
		"Product": "HT-8002",
		"ProductPictureURL": "../localService/mockdata/images/HT-8002.jpg",
		"Supplier": "100000013",
		"SupplierName": "HEPA Tec"
	},
	{
		"ProductReviewPostUUID": "0050568c-901d-1ed7-8de0-7b3d04cc00f5",
		"Name": "ITelO FlexTop I9100",
		"ReviewDateTime": "/Date(1493589600000+0000)/",
		"ReviewRatingValue": 2,
		"FormattedContactName": "Hansjoerg Wegmann",
		"Product": "HT-8002",
		"ProductPictureURL": "../localService/mockdata/images/HT-8002.jpg",
		"Supplier": "100000013",
		"SupplierName": "HEPA Tec"
	},
	{
		"ProductReviewPostUUID": "0050568c-901d-1ed7-8de0-7b3d04cd80f5",
		"Name": "ITelO FlexTop I9800",
		"ReviewDateTime": "/Date(1492898400000+0000)/",
		"ReviewRatingValue": 2,
		"FormattedContactName": "Nonkululeko Van Der Walt",
		"Product": "HT-8003",
		"ProductPictureURL": "../localService/mockdata/images/HT-8003.jpg",
		"Supplier": "100000014",
		"SupplierName": "Anav Ideon"
	},
	{
		"ProductReviewPostUUID": "0050568c-901d-1ed7-8de0-7b3d04cda0f5",
		"Name": "ITelO FlexTop I9800",
		"ReviewDateTime": "/Date(1494194400000+0000)/",
		"ReviewRatingValue": 2,
		"FormattedContactName": "Jefferson Parker",
		"Product": "HT-8003",
		"ProductPictureURL": "../localService/mockdata/images/HT-8003.jpg",
		"Supplier": "100000014",
		"SupplierName": "Anav Ideon"
	},
	{
		"ProductReviewPostUUID": "0050568c-901d-1ed7-8de0-7b3d04cfc0f5",
		"Name": "Smartphone Beta",
		"ReviewDateTime": "/Date(1492466400000+0000)/",
		"ReviewRatingValue": 5,
		"FormattedContactName": "Ulrich Scholz",
		"Product": "HT-9998",
		"ProductPictureURL": "../localService/mockdata/images/HT-9998.jpg",
		"Supplier": "100000017",
		"SupplierName": "Meliva"
	},
	{
		"ProductReviewPostUUID": "0050568c-901d-1ed7-8de0-7b3d04cfe0f5",
		"Name": "Smartphone Beta",
		"ReviewDateTime": "/Date(1493416800000+0000)/",
		"ReviewRatingValue": 1,
		"FormattedContactName": "Karl Müller",
		"Product": "HT-9998",
		"ProductPictureURL": "../localService/mockdata/images/HT-9998.jpg",
		"Supplier": "100000017",
		"SupplierName": "Meliva"
	},
	{
		"ProductReviewPostUUID": "0050568c-901d-1ed7-8de0-7b3d04d000f5",
		"Name": "Smartphone Beta",
		"ReviewDateTime": "/Date(1494367200000+0000)/",
		"ReviewRatingValue": 2,
		"FormattedContactName": "Harald Gahn",
		"Product": "HT-9998",
		"ProductPictureURL": "../localService/mockdata/images/HT-9998.jpg",
		"Supplier": "100000017",
		"SupplierName": "Meliva"
	},
	{
		"ProductReviewPostUUID": "0050568c-901d-1ed7-8de0-7b3d04d1c0f5",
		"Name": "Tablet Pouch",
		"ReviewDateTime": "/Date(1492293600000+0000)/",
		"ReviewRatingValue": 1,
		"FormattedContactName": "Jean-Louis Pasqua",
		"Product": "HT-9996",
		"ProductPictureURL": "../localService/mockdata/images/HT-9996.jpg",
		"Supplier": "100000019",
		"SupplierName": "Pateu"
	},
	{
		"ProductReviewPostUUID": "0050568c-901d-1ed7-8de0-7b3d04d1e0f5",
		"Name": "Tablet Pouch",
		"ReviewDateTime": "/Date(1493157600000+0000)/",
		"ReviewRatingValue": 4,
		"FormattedContactName": "Victor Sanchez",
		"Product": "HT-9996",
		"ProductPictureURL": "../localService/mockdata/images/HT-9996.jpg",
		"Supplier": "100000019",
		"SupplierName": "Pateu"
	},
	{
		"ProductReviewPostUUID": "0050568c-901d-1ed7-8de0-7b3d04d200f5",
		"Name": "Tablet Pouch",
		"ReviewDateTime": "/Date(1494021600000+0000)/",
		"ReviewRatingValue": 4,
		"FormattedContactName": "Angélica Pretelini",
		"Product": "HT-9996",
		"ProductPictureURL": "../localService/mockdata/images/HT-9996.jpg",
		"Supplier": "100000019",
		"SupplierName": "Pateu"
	},
	{
		"ProductReviewPostUUID": "0050568c-901d-1ed7-8de0-7b3d04d3c0f5",
		"Name": "Smartphone Cover",
		"ReviewDateTime": "/Date(1492034400000+0000)/",
		"ReviewRatingValue": 2,
		"FormattedContactName": "Jesse Charley",
		"Product": "HT-9995",
		"ProductPictureURL": "../localService/mockdata/images/HT-9995.jpg",
		"Supplier": "100000020",
		"SupplierName": "Russian Electronic Trading Company"
	},
	{
		"ProductReviewPostUUID": "0050568c-901d-1ed7-8de0-7b3d04d3e0f5",
		"Name": "Smartphone Cover",
		"ReviewDateTime": "/Date(1493157600000+0000)/",
		"ReviewRatingValue": 5,
		"FormattedContactName": "Jorge Montalban",
		"Product": "HT-9995",
		"ProductPictureURL": "../localService/mockdata/images/HT-9995.jpg",
		"Supplier": "100000020",
		"SupplierName": "Russian Electronic Trading Company"
	},
	{
		"ProductReviewPostUUID": "0050568c-901d-1ed7-8de0-7b3d04d400f5",
		"Name": "Smartphone Cover",
		"ReviewDateTime": "/Date(1494280800000+0000)/",
		"ReviewRatingValue": 4,
		"FormattedContactName": "Danilo Ferreira",
		"Product": "HT-9995",
		"ProductPictureURL": "../localService/mockdata/images/HT-9995.jpg",
		"Supplier": "100000020",
		"SupplierName": "Russian Electronic Trading Company"
	},
	{
		"ProductReviewPostUUID": "0050568c-901d-1ed7-8de0-7b3d04d5a0f5",
		"Name": "Camcorder View",
		"ReviewDateTime": "/Date(1492466400000+0000)/",
		"ReviewRatingValue": 2,
		"FormattedContactName": "Sven Janssen",
		"Product": "HT-9994",
		"ProductPictureURL": "../localService/mockdata/images/HT-9994.jpg",
		"Supplier": "100000021",
		"SupplierName": "Florida Holiday Company"
	},
	{
		"ProductReviewPostUUID": "0050568c-901d-1ed7-8de0-7b3d04d5c0f5",
		"Name": "Camcorder View",
		"ReviewDateTime": "/Date(1493589600000+0000)/",
		"ReviewRatingValue": 5,
		"FormattedContactName": "Leah Aachen",
		"Product": "HT-9994",
		"ProductPictureURL": "../localService/mockdata/images/HT-9994.jpg",
		"Supplier": "100000021",
		"SupplierName": "Florida Holiday Company"
	},
	{
		"ProductReviewPostUUID": "0050568c-901d-1ed7-8de0-7b3d04d820f5",
		"Name": "Smartphone Leather Case",
		"ReviewDateTime": "/Date(1492380000000+0000)/",
		"ReviewRatingValue": 1,
		"FormattedContactName": "Pete Waltham",
		"Product": "HT-9991",
		"ProductPictureURL": "../localService/mockdata/images/HT-9991.jpg",
		"Supplier": "100000024",
		"SupplierName": "JaTeCo"
	},
	{
		"ProductReviewPostUUID": "0050568c-901d-1ed7-8de0-7b3d04d840f5",
		"Name": "Smartphone Leather Case",
		"ReviewDateTime": "/Date(1493416800000+0000)/",
		"ReviewRatingValue": 4,
		"FormattedContactName": "Sandra Creech",
		"Product": "HT-9991",
		"ProductPictureURL": "../localService/mockdata/images/HT-9991.jpg",
		"Supplier": "100000024",
		"SupplierName": "JaTeCo"
	},
	{
		"ProductReviewPostUUID": "0050568c-901d-1ed7-8de0-7b3d04d860f5",
		"Name": "Smartphone Leather Case",
		"ReviewDateTime": "/Date(1494453600000+0000)/",
		"ReviewRatingValue": 5,
		"FormattedContactName": "Ryu Toshiro",
		"Product": "HT-9991",
		"ProductPictureURL": "../localService/mockdata/images/HT-9991.jpg",
		"Supplier": "100000024",
		"SupplierName": "JaTeCo"
	},
	{
		"ProductReviewPostUUID": "0050568c-901d-1ed7-8de0-7b3d04da80f5",
		"Name": "Astro Phone 6",
		"ReviewDateTime": "/Date(1492120800000+0000)/",
		"ReviewRatingValue": 4,
		"FormattedContactName": "Will Shi",
		"Product": "HT-1252",
		"ProductPictureURL": "../localService/mockdata/images/HT-1252-FRONT.jpg",
		"Supplier": "100000026",
		"SupplierName": "Vente Et Réparation de Ordinateur"
	},
	{
		"ProductReviewPostUUID": "0050568c-901d-1ed7-8de0-7b3d04daa0f5",
		"Name": "Astro Phone 6",
		"ReviewDateTime": "/Date(1492984800000+0000)/",
		"ReviewRatingValue": 5,
		"FormattedContactName": "Frederik Christensen",
		"Product": "HT-1252",
		"ProductPictureURL": "../localService/mockdata/images/HT-1252-FRONT.jpg",
		"Supplier": "100000026",
		"SupplierName": "Vente Et Réparation de Ordinateur"
	},
	{
		"ProductReviewPostUUID": "0050568c-901d-1ed7-8de0-7b3d04dac0f5",
		"Name": "Astro Phone 6",
		"ReviewDateTime": "/Date(1493848800000+0000)/",
		"ReviewRatingValue": 4,
		"FormattedContactName": "Charlotte Hojby",
		"Product": "HT-1252",
		"ProductPictureURL": "../localService/mockdata/images/HT-1252-FRONT.jpg",
		"Supplier": "100000026",
		"SupplierName": "Vente Et Réparation de Ordinateur"
	},
	{
		"ProductReviewPostUUID": "0050568c-901d-1ed7-8de0-7b3d04dce0f5",
		"Name": "Broad Screen 22HD",
		"ReviewDateTime": "/Date(1492725600000+0000)/",
		"ReviewRatingValue": 4,
		"FormattedContactName": "Yoko Nakamura",
		"Product": "HT-1255",
		"ProductPictureURL": "../localService/mockdata/images/HT-1255-FRONT.jpg",
		"Supplier": "100000029",
		"SupplierName": "C.R.T.U."
	},
	{
		"ProductReviewPostUUID": "0050568c-901d-1ed7-8de0-7b3d04dd00f5",
		"Name": "Broad Screen 22HD",
		"ReviewDateTime": "/Date(1493848800000+0000)/",
		"ReviewRatingValue": 2,
		"FormattedContactName": "Hidehisa Koshiishi",
		"Product": "HT-1255",
		"ProductPictureURL": "../localService/mockdata/images/HT-1255-FRONT.jpg",
		"Supplier": "100000029",
		"SupplierName": "C.R.T.U."
	},
	{
		"ProductReviewPostUUID": "0050568c-901d-1ed7-8de0-7b3d04dec0f5",
		"Name": "Cerdik Phone 7",
		"ReviewDateTime": "/Date(1492725600000+0000)/",
		"ReviewRatingValue": 2,
		"FormattedContactName": "Marko König",
		"Product": "HT-1256",
		"ProductPictureURL": "../localService/mockdata/images/HT-1256-FRONT.jpg",
		"Supplier": "100000030",
		"SupplierName": "Jologa"
	},
	{
		"ProductReviewPostUUID": "0050568c-901d-1ed7-8de0-7b3d04dee0f5",
		"Name": "Cerdik Phone 7",
		"ReviewDateTime": "/Date(1493762400000+0000)/",
		"ReviewRatingValue": 4,
		"FormattedContactName": "Theodor Monathy",
		"Product": "HT-1256",
		"ProductPictureURL": "../localService/mockdata/images/HT-1256-FRONT.jpg",
		"Supplier": "100000030",
		"SupplierName": "Jologa"
	},
	{
		"ProductReviewPostUUID": "0050568c-901d-1ed7-8de0-7b3d04e0a0f5",
		"Name": "Cepat Tablet 8",
		"ReviewDateTime": "/Date(1492207200000+0000)/",
		"ReviewRatingValue": 1,
		"FormattedContactName": "Alexis Harper",
		"Product": "HT-1258",
		"ProductPictureURL": "../localService/mockdata/images/HT-1258-FRONT.jpg",
		"Supplier": "100000032",
		"SupplierName": "Angeré"
	},
	{
		"ProductReviewPostUUID": "0050568c-901d-1ed7-8de0-7b3d04e0c0f5",
		"Name": "Cepat Tablet 8",
		"ReviewDateTime": "/Date(1492984800000+0000)/",
		"ReviewRatingValue": 4,
		"FormattedContactName": "Carolyn Yale",
		"Product": "HT-1258",
		"ProductPictureURL": "../localService/mockdata/images/HT-1258-FRONT.jpg",
		"Supplier": "100000032",
		"SupplierName": "Angeré"
	},
	{
		"ProductReviewPostUUID": "0050568c-901d-1ed7-8de0-7b3d04e0e0f5",
		"Name": "Cepat Tablet 8",
		"ReviewDateTime": "/Date(1493762400000+0000)/",
		"ReviewRatingValue": 5,
		"FormattedContactName": "Cristal Alfaro",
		"Product": "HT-1258",
		"ProductPictureURL": "../localService/mockdata/images/HT-1258-FRONT.jpg",
		"Supplier": "100000032",
		"SupplierName": "Angeré"
	}
]