[
	{
		"Product": "HT-1000",
		"Product_Text": "Notebook Basic 15",
		"TotalQuantity": "14",
		"QuantityUnit": "EA",
		"ProductPictureURL": "../localService/mockdata/images/HT-1000.jpg"
	},
	{
		"Product": "HT-1020",
		"Product_Text": "ITelO Vault Net",
		"TotalQuantity": "8",
		"QuantityUnit": "EA",
		"ProductPictureURL": "../localService/mockdata/images/HT-1020.jpg"
	},
	{
		"Product": "HT-1021",
		"Product_Text": "ITelO Vault SAT",
		"TotalQuantity": "9",
		"QuantityUnit": "EA",
		"ProductPictureURL": "../localService/mockdata/images/HT-1021.jpg"
	},
	{
		"Product": "HT-1022",
		"Product_Text": "Comfort Easy",
		"TotalQuantity": "5",
		"QuantityUnit": "EA",
		"ProductPictureURL": "../localService/mockdata/images/HT-1022.jpg"
	},
	{
		"Product": "HT-1023",
		"Product_Text": "Comfort Senior",
		"TotalQuantity": "9",
		"QuantityUnit": "EA",
		"ProductPictureURL": "../localService/mockdata/images/HT-1023.jpg"
	},
	{
		"Product": "HT-1035",
		"Product_Text": "Flat Basic",
		"TotalQuantity": "12",
		"QuantityUnit": "EA",
		"ProductPictureURL": "../localService/mockdata/images/HT-1035.jpg"
	},
	{
		"Product": "HT-1036",
		"Product_Text": "Flat Future",
		"TotalQuantity": "12",
		"QuantityUnit": "EA",
		"ProductPictureURL": "../localService/mockdata/images/HT-1036.jpg"
	},
	{
		"Product": "HT-1037",
		"Product_Text": "Flat XL",
		"TotalQuantity": "6",
		"QuantityUnit": "EA",
		"ProductPictureURL": "../localService/mockdata/images/HT-1037.jpg"
	},
	{
		"Product": "HT-1040",
		"Product_Text": "Laser Professional Eco",
		"TotalQuantity": "11",
		"QuantityUnit": "EA",
		"ProductPictureURL": "../localService/mockdata/images/HT-1040.jpg"
	},
	{
		"Product": "HT-1041",
		"Product_Text": "Laser Basic",
		"TotalQuantity": "10",
		"QuantityUnit": "EA",
		"ProductPictureURL": "../localService/mockdata/images/HT-1041.jpg"
	},
	{
		"Product": "HT-1042",
		"Product_Text": "Laser Allround",
		"TotalQuantity": "11",
		"QuantityUnit": "EA",
		"ProductPictureURL": "../localService/mockdata/images/HT-1042.jpg"
	},
	{
		"Product": "HT-1050",
		"Product_Text": "Ultra Jet Super Color",
		"TotalQuantity": "5",
		"QuantityUnit": "EA",
		"ProductPictureURL": "../localService/mockdata/images/HT-1050.jpg"
	},
	{
		"Product": "HT-1051",
		"Product_Text": "Ultra Jet Mobile",
		"TotalQuantity": "3",
		"QuantityUnit": "EA",
		"ProductPictureURL": "../localService/mockdata/images/HT-1051.jpg"
	},
	{
		"Product": "HT-1052",
		"Product_Text": "Ultra Jet Super Highspeed",
		"TotalQuantity": "7",
		"QuantityUnit": "EA",
		"ProductPictureURL": "../localService/mockdata/images/HT-1052.jpg"
	},
	{
		"Product": "HT-1055",
		"Product_Text": "Multi Print",
		"TotalQuantity": "5",
		"QuantityUnit": "EA",
		"ProductPictureURL": "../localService/mockdata/images/HT-1055.jpg"
	},
	{
		"Product": "HT-1056",
		"Product_Text": "Multi Color",
		"TotalQuantity": "6",
		"QuantityUnit": "EA",
		"ProductPictureURL": "../localService/mockdata/images/HT-1056.jpg"
	},
	{
		"Product": "HT-1060",
		"Product_Text": "Cordless Mouse",
		"TotalQuantity": "5",
		"QuantityUnit": "EA",
		"ProductPictureURL": "../localService/mockdata/images/HT-1060.jpg"
	},
	{
		"Product": "HT-1061",
		"Product_Text": "Speed Mouse",
		"TotalQuantity": "7",
		"QuantityUnit": "EA",
		"ProductPictureURL": "../localService/mockdata/images/HT-1061.jpg"
	},
	{
		"Product": "HT-1062",
		"Product_Text": "Track Mouse",
		"TotalQuantity": "8",
		"QuantityUnit": "EA",
		"ProductPictureURL": "../localService/mockdata/images/HT-1062.jpg"
	},
	{
		"Product": "HT-1063",
		"Product_Text": "Ergonomic Keyboard",
		"TotalQuantity": "12",
		"QuantityUnit": "EA",
		"ProductPictureURL": "../localService/mockdata/images/HT-1063.jpg"
	},
	{
		"Product": "HT-1064",
		"Product_Text": "Internet Keyboard",
		"TotalQuantity": "8",
		"QuantityUnit": "EA",
		"ProductPictureURL": "../localService/mockdata/images/HT-1064.jpg"
	},
	{
		"Product": "HT-1065",
		"Product_Text": "Media Keyboard",
		"TotalQuantity": "14",
		"QuantityUnit": "EA",
		"ProductPictureURL": "../localService/mockdata/images/HT-1065.jpg"
	},
	{
		"Product": "HT-1066",
		"Product_Text": "Mousepad",
		"TotalQuantity": "6",
		"QuantityUnit": "EA",
		"ProductPictureURL": "../localService/mockdata/images/HT-1066.jpg"
	},
	{
		"Product": "HT-1067",
		"Product_Text": "Ergo Mousepad",
		"TotalQuantity": "4",
		"QuantityUnit": "EA",
		"ProductPictureURL": "../localService/mockdata/images/HT-1067.jpg"
	},
	{
		"Product": "HT-1068",
		"Product_Text": "Designer Mousepad",
		"TotalQuantity": "2",
		"QuantityUnit": "EA",
		"ProductPictureURL": "../localService/mockdata/images/HT-1068.jpg"
	},
	{
		"Product": "HT-1069",
		"Product_Text": "Universal card reader",
		"TotalQuantity": "5",
		"QuantityUnit": "EA",
		"ProductPictureURL": "../localService/mockdata/images/HT-1069.jpg"
	},
	{
		"Product": "HT-1070",
		"Product_Text": "Proctra X",
		"TotalQuantity": "12",
		"QuantityUnit": "EA",
		"ProductPictureURL": "../localService/mockdata/images/HT-1070.jpg"
	},
	{
		"Product": "HT-1071",
		"Product_Text": "Gladiator MX",
		"TotalQuantity": "8",
		"QuantityUnit": "EA",
		"ProductPictureURL": "../localService/mockdata/images/HT-1071.jpg"
	},
	{
		"Product": "HT-1072",
		"Product_Text": "Hurricane GX",
		"TotalQuantity": "14",
		"QuantityUnit": "EA",
		"ProductPictureURL": "../localService/mockdata/images/HT-1072.jpg"
	},
	{
		"Product": "HT-1073",
		"Product_Text": "Hurricane GX/LN",
		"TotalQuantity": "7",
		"QuantityUnit": "EA",
		"ProductPictureURL": "../localService/mockdata/images/HT-1073.jpg"
	},
	{
		"Product": "HT-1080",
		"Product_Text": "Photo Scan",
		"TotalQuantity": "9",
		"QuantityUnit": "EA",
		"ProductPictureURL": "../localService/mockdata/images/HT-1080.jpg"
	},
	{
		"Product": "HT-1081",
		"Product_Text": "Power Scan",
		"TotalQuantity": "7",
		"QuantityUnit": "EA",
		"ProductPictureURL": "../localService/mockdata/images/HT-1081.jpg"
	},
	{
		"Product": "HT-1082",
		"Product_Text": "Jet Scan Professional",
		"TotalQuantity": "4",
		"QuantityUnit": "EA",
		"ProductPictureURL": "../localService/mockdata/images/HT-1082.jpg"
	},
	{
		"Product": "HT-1083",
		"Product_Text": "Jet Scan Professional",
		"TotalQuantity": "4",
		"QuantityUnit": "EA",
		"ProductPictureURL": "../localService/mockdata/images/HT-1083.jpg"
	},
	{
		"Product": "HT-1085",
		"Product_Text": "Copymaster",
		"TotalQuantity": "4",
		"QuantityUnit": "EA",
		"ProductPictureURL": "../localService/mockdata/images/HT-1085.jpg"
	},
	{
		"Product": "HT-1090",
		"Product_Text": "Surround Sound",
		"TotalQuantity": "4",
		"QuantityUnit": "EA",
		"ProductPictureURL": "../localService/mockdata/images/HT-1090.jpg"
	},
	{
		"Product": "HT-1092",
		"Product_Text": "Sound Booster",
		"TotalQuantity": "5",
		"QuantityUnit": "EA",
		"ProductPictureURL": "../localService/mockdata/images/HT-1092.jpg"
	},
	{
		"Product": "HT-1100",
		"Product_Text": "Smart Office",
		"TotalQuantity": "18",
		"QuantityUnit": "EA",
		"ProductPictureURL": "../localService/mockdata/images/HT-1100.jpg"
	},
	{
		"Product": "HT-1101",
		"Product_Text": "Smart Design",
		"TotalQuantity": "12",
		"QuantityUnit": "EA",
		"ProductPictureURL": "../localService/mockdata/images/HT-1101.jpg"
	},
	{
		"Product": "HT-1102",
		"Product_Text": "Smart Network",
		"TotalQuantity": "19",
		"QuantityUnit": "EA",
		"ProductPictureURL": "../localService/mockdata/images/HT-1102.jpg"
	},
	{
		"Product": "HT-1103",
		"Product_Text": "Smart Multimedia",
		"TotalQuantity": "17",
		"QuantityUnit": "EA",
		"ProductPictureURL": "../localService/mockdata/images/HT-1103.jpg"
	},
	{
		"Product": "HT-1104",
		"Product_Text": "Smart Games",
		"TotalQuantity": "17",
		"QuantityUnit": "EA",
		"ProductPictureURL": "../localService/mockdata/images/HT-1104.jpg"
	},
	{
		"Product": "HT-1105",
		"Product_Text": "Smart Internet Antivirus",
		"TotalQuantity": "21",
		"QuantityUnit": "EA",
		"ProductPictureURL": "../localService/mockdata/images/HT-1105.jpg"
	},
	{
		"Product": "HT-1106",
		"Product_Text": "Smart Firewall",
		"TotalQuantity": "11",
		"QuantityUnit": "EA",
		"ProductPictureURL": "../localService/mockdata/images/HT-1106.jpg"
	},
	{
		"Product": "HT-1107",
		"Product_Text": "Smart Money",
		"TotalQuantity": "20",
		"QuantityUnit": "EA",
		"ProductPictureURL": "../localService/mockdata/images/HT-1107.jpg"
	},
	{
		"Product": "HT-1110",
		"Product_Text": "PC Lock",
		"TotalQuantity": "13",
		"QuantityUnit": "EA",
		"ProductPictureURL": "../localService/mockdata/images/HT-1110.jpg"
	},
	{
		"Product": "HT-1111",
		"Product_Text": "Notebook Lock",
		"TotalQuantity": "14",
		"QuantityUnit": "EA",
		"ProductPictureURL": "../localService/mockdata/images/HT-1111.jpg"
	},
	{
		"Product": "HT-1112",
		"Product_Text": "Web cam reality",
		"TotalQuantity": "13",
		"QuantityUnit": "EA",
		"ProductPictureURL": "../localService/mockdata/images/HT-1112.jpg"
	},
	{
		"Product": "HT-1113",
		"Product_Text": "Screen clean",
		"TotalQuantity": "11",
		"QuantityUnit": "EA",
		"ProductPictureURL": "../localService/mockdata/images/HT-1113.jpg"
	},
	{
		"Product": "HT-1114",
		"Product_Text": "Fabric bag professional",
		"TotalQuantity": "3",
		"QuantityUnit": "EA",
		"ProductPictureURL": "../localService/mockdata/images/HT-1114.jpg"
	},
	{
		"Product": "HT-1115",
		"Product_Text": "Wireless DSL Router",
		"TotalQuantity": "3",
		"QuantityUnit": "EA",
		"ProductPictureURL": "../localService/mockdata/images/HT-1115.jpg"
	},
	{
		"Product": "HT-1116",
		"Product_Text": "Wireless DSL Router / Repeater",
		"TotalQuantity": "12",
		"QuantityUnit": "EA",
		"ProductPictureURL": "../localService/mockdata/images/HT-1116.jpg"
	},
	{
		"Product": "HT-1117",
		"Product_Text": "Wireless DSL Router / Repeater and Print Server",
		"TotalQuantity": "11",
		"QuantityUnit": "EA",
		"ProductPictureURL": "../localService/mockdata/images/HT-1117.jpg"
	},
	{
		"Product": "HT-1118",
		"Product_Text": "USB Stick",
		"TotalQuantity": "10",
		"QuantityUnit": "EA",
		"ProductPictureURL": "../localService/mockdata/images/HT-1118.jpg"
	},
	{
		"Product": "HT-1120",
		"Product_Text": "Cordless Bluetooth Keyboard, english international",
		"TotalQuantity": "11",
		"QuantityUnit": "EA",
		"ProductPictureURL": "../localService/mockdata/images/HT-1120.jpg"
	},
	{
		"Product": "HT-1137",
		"Product_Text": "Flat XXL",
		"TotalQuantity": "8",
		"QuantityUnit": "EA",
		"ProductPictureURL": "../localService/mockdata/images/HT-1137.jpg"
	},
	{
		"Product": "HT-1138",
		"Product_Text": "Pocket Mouse",
		"TotalQuantity": "3",
		"QuantityUnit": "EA",
		"ProductPictureURL": "../localService/mockdata/images/HT-1138.jpg"
	},
	{
		"Product": "HT-1210",
		"Product_Text": "PC Power Station",
		"TotalQuantity": "6",
		"QuantityUnit": "EA",
		"ProductPictureURL": "../localService/mockdata/images/HT-1210.jpg"
	},
	{
		"Product": "HT-1251",
		"Product_Text": "Astro Laptop 1516",
		"TotalQuantity": "10",
		"QuantityUnit": "EA",
		"ProductPictureURL": "../localService/mockdata/images/HT-1251-FRONT.jpg"
	},
	{
		"Product": "HT-1252",
		"Product_Text": "Astro Phone 6",
		"TotalQuantity": "14",
		"QuantityUnit": "EA",
		"ProductPictureURL": "../localService/mockdata/images/HT-1252-FRONT.jpg"
	},
	{
		"Product": "HT-1253",
		"Product_Text": "Benda Laptop 1408",
		"TotalQuantity": "5",
		"QuantityUnit": "EA",
		"ProductPictureURL": "../localService/mockdata/images/HT-1253-LEFT.jpg"
	},
	{
		"Product": "HT-1254",
		"Product_Text": "Bending Screen 21HD",
		"TotalQuantity": "14",
		"QuantityUnit": "EA",
		"ProductPictureURL": "../localService/mockdata/images/HT-1254-FRONT.jpg"
	},
	{
		"Product": "HT-1255",
		"Product_Text": "Broad Screen 22HD",
		"TotalQuantity": "18",
		"QuantityUnit": "EA",
		"ProductPictureURL": "../localService/mockdata/images/HT-1255-FRONT.jpg"
	},
	{
		"Product": "HT-1256",
		"Product_Text": "Cerdik Phone 7",
		"TotalQuantity": "24",
		"QuantityUnit": "EA",
		"ProductPictureURL": "../localService/mockdata/images/HT-1256-FRONT.jpg"
	},
	{
		"Product": "HT-1257",
		"Product_Text": "Cepat Tablet 10.5",
		"TotalQuantity": "14",
		"QuantityUnit": "EA",
		"ProductPictureURL": "../localService/mockdata/images/HT-1257-FRONT.jpg"
	},
	{
		"Product": "HT-1500",
		"Product_Text": "Server Basic",
		"TotalQuantity": "8",
		"QuantityUnit": "EA",
		"ProductPictureURL": "../localService/mockdata/images/HT-1500.jpg"
	},
	{
		"Product": "HT-1501",
		"Product_Text": "Server Professional",
		"TotalQuantity": "10",
		"QuantityUnit": "EA",
		"ProductPictureURL": "../localService/mockdata/images/HT-1501.jpg"
	},
	{
		"Product": "HT-1502",
		"Product_Text": "Server Power Pro",
		"TotalQuantity": "10",
		"QuantityUnit": "EA",
		"ProductPictureURL": "../localService/mockdata/images/HT-1502.jpg"
	},
	{
		"Product": "HT-2000",
		"Product_Text": "7\" Widescreen Portable DVD Player w MP3",
		"TotalQuantity": "8",
		"QuantityUnit": "EA",
		"ProductPictureURL": "../localService/mockdata/images/HT-2000.jpg"
	},
	{
		"Product": "HT-2001",
		"Product_Text": "10\" Portable DVD player",
		"TotalQuantity": "10",
		"QuantityUnit": "EA",
		"ProductPictureURL": "../localService/mockdata/images/HT-2001.jpg"
	}
]