[
	{
		"Employee": "400000000",
		"PreferredLanguage": "EN",
		"PhoneNumber": "+1 224 374524",
		"MobilePhoneNumber": "+1 224 9211250",
		"EmailAddress": "sally.spring@itelo.info",
		"EmploymentStartDate": "/Date(946684800000)/",
		"EmploymentEndDate": "/Date(253402214400000)/",
		"SalaryCurrency": "USD",
		"SalaryAmount": "55549.00",
		"GenderCode": "F",
		"EmployeePictureURL": "../localService/mockdata/images/female_8_SpringS.jpg",
		"FirstName": "Sally",
		"MiddleName": "",
		"LastName": "Spring",
		"FormattedName": "Sally Spring",
		"Initials": ""
	},
	{
		"Employee": "400000001",
		"PreferredLanguage": "EN",
		"PhoneNumber": "+1 610 6615530",
		"MobilePhoneNumber": "+1 208 4731134",
		"EmailAddress": "susan.summer@itelo.info",
		"EmploymentStartDate": "/Date(946684800000)/",
		"EmploymentEndDate": "/Date(253402214400000)/",
		"SalaryCurrency": "USD",
		"SalaryAmount": "76239.00",
		"GenderCode": "F",
		"EmployeePictureURL": "../localService/mockdata/images/female_7_SummerS.jpg",
		"FirstName": "Susan",
		"MiddleName": "",
		"LastName": "Summer",
		"FormattedName": "Susan Summer",
		"Initials": ""
	},
	{
		"Employee": "400000002",
		"PreferredLanguage": "EN",
		"PhoneNumber": "+1 213 6615538",
		"MobilePhoneNumber": "+1 213 4403787",
		"EmailAddress": "franco.fall@itelo.info",
		"EmploymentStartDate": "/Date(946684800000)/",
		"EmploymentEndDate": "/Date(253402214400000)/",
		"SalaryCurrency": "USD",
		"SalaryAmount": "85962.00",
		"GenderCode": "M",
		"EmployeePictureURL": "../localService/mockdata/images/male_2_FallF.jpg",
		"FirstName": "Franco",
		"MiddleName": "",
		"LastName": "Fall",
		"FormattedName": "Franco Fall",
		"Initials": ""
	},
	{
		"Employee": "400000003",
		"PreferredLanguage": "EN",
		"PhoneNumber": "+1 415 6991599",
		"MobilePhoneNumber": "+1 415 6991599",
		"EmailAddress": "walter.winter@itelo.info",
		"EmploymentStartDate": "/Date(946684800000)/",
		"EmploymentEndDate": "/Date(253402214400000)/",
		"SalaryCurrency": "USD",
		"SalaryAmount": "68597.00",
		"GenderCode": "M",
		"EmployeePictureURL": "../localService/mockdata/images/male_1_WinterW.jpg",
		"FirstName": "Walter",
		"MiddleName": "",
		"LastName": "Winter",
		"FormattedName": "Walter Winter",
		"Initials": ""
	},
	{
		"Employee": "400000004",
		"PreferredLanguage": "EN",
		"PhoneNumber": "+1 212 6539539",
		"MobilePhoneNumber": "+1 347 8218410",
		"EmailAddress": "maria.hicks@itelo.info",
		"EmploymentStartDate": "/Date(946684800000)/",
		"EmploymentEndDate": "/Date(253402214400000)/",
		"SalaryCurrency": "USD",
		"SalaryAmount": "49876.00",
		"GenderCode": "F",
		"EmployeePictureURL": "../localService/mockdata/images/female_10_HicksM.jpg",
		"FirstName": "Maria",
		"MiddleName": "",
		"LastName": "Hicks",
		"FormattedName": "Maria Hicks",
		"Initials": ""
	},
	{
		"Employee": "400000005",
		"PreferredLanguage": "EN",
		"PhoneNumber": "+1 213 9026319",
		"MobilePhoneNumber": "+1 415 9025208",
		"EmailAddress": "john.dash@itelo.info",
		"EmploymentStartDate": "/Date(946684800000)/",
		"EmploymentEndDate": "/Date(253402214400000)/",
		"SalaryCurrency": "USD",
		"SalaryAmount": "72691.00",
		"GenderCode": "M",
		"EmployeePictureURL": "../localService/mockdata/images/male_11_DashJ.jpg",
		"FirstName": "John",
		"MiddleName": "",
		"LastName": "Dash",
		"FormattedName": "John Dash",
		"Initials": ""
	},
	{
		"Employee": "400000006",
		"PreferredLanguage": "EN",
		"PhoneNumber": "+1 224 3745225",
		"MobilePhoneNumber": "+1 224 6615526",
		"EmailAddress": "viola.gains@itelo.info",
		"EmploymentStartDate": "/Date(946684800000)/",
		"EmploymentEndDate": "/Date(253402214400000)/",
		"SalaryCurrency": "USD",
		"SalaryAmount": "110962.00",
		"GenderCode": "F",
		"EmployeePictureURL": "../localService/mockdata/images/female_2_GainsV.jpg",
		"FirstName": "Viola",
		"MiddleName": "Sarah",
		"LastName": "Gains",
		"FormattedName": "Viola Gains",
		"Initials": ""
	},
	{
		"Employee": "400000007",
		"PreferredLanguage": "EN",
		"PhoneNumber": "+1 212 5961108",
		"MobilePhoneNumber": "+1 917 8533522",
		"EmailAddress": "randy.gordon@itelo.info",
		"EmploymentStartDate": "/Date(946684800000)/",
		"EmploymentEndDate": "/Date(253402214400000)/",
		"SalaryCurrency": "USD",
		"SalaryAmount": "81463.00",
		"GenderCode": "M",
		"EmployeePictureURL": "../localService/mockdata/images/male_10_GordonR.jpg",
		"FirstName": "Randy",
		"MiddleName": "",
		"LastName": "Gordon",
		"FormattedName": "Randy Gordon",
		"Initials": ""
	},
	{
		"Employee": "400000008",
		"PreferredLanguage": "EN",
		"PhoneNumber": "+1 224 374523",
		"MobilePhoneNumber": "+1 224 485634",
		"EmailAddress": "paul.burke@itelo.info",
		"EmploymentStartDate": "/Date(946684800000)/",
		"EmploymentEndDate": "/Date(253402214400000)/",
		"SalaryCurrency": "USD",
		"SalaryAmount": "100491.00",
		"GenderCode": "M",
		"EmployeePictureURL": "../localService/mockdata/images/male_4_BurkeP.jpg",
		"FirstName": "Paul",
		"MiddleName": "",
		"LastName": "Burke",
		"FormattedName": "Paul Burke",
		"Initials": ""
	},
	{
		"Employee": "400000009",
		"PreferredLanguage": "EN",
		"PhoneNumber": "+44 2089 177316",
		"MobilePhoneNumber": "+44 7808 576316",
		"EmailAddress": "michael.miller@itelo.info",
		"EmploymentStartDate": "/Date(946684800000)/",
		"EmploymentEndDate": "/Date(253402214400000)/",
		"SalaryCurrency": "USD",
		"SalaryAmount": "86574.00",
		"GenderCode": "M",
		"EmployeePictureURL": "../localService/mockdata/images/male_9_MillerM.jpg",
		"FirstName": "Michael",
		"MiddleName": "",
		"LastName": "Miller",
		"FormattedName": "Michael Miller",
		"Initials": ""
	},
	{
		"Employee": "400000010",
		"PreferredLanguage": "EN",
		"PhoneNumber": "+44 2089 176581",
		"MobilePhoneNumber": "+44 7808 575581",
		"EmailAddress": "john.nicols@itelo.info",
		"EmploymentStartDate": "/Date(946684800000)/",
		"EmploymentEndDate": "/Date(253402214400000)/",
		"SalaryCurrency": "USD",
		"SalaryAmount": "61579.00",
		"GenderCode": "M",
		"EmployeePictureURL": "../localService/mockdata/images/male_7_NicolsJ.jpg",
		"FirstName": "John",
		"MiddleName": "",
		"LastName": "Nicols",
		"FormattedName": "John Nicols",
		"Initials": ""
	},
	{
		"Employee": "400000011",
		"PreferredLanguage": "EN",
		"PhoneNumber": "+44 2089 176308",
		"MobilePhoneNumber": "+44 7802 861469",
		"EmailAddress": "john.smith@itelo.info",
		"EmploymentStartDate": "/Date(946684800000)/",
		"EmploymentEndDate": "/Date(253402214400000)/",
		"SalaryCurrency": "USD",
		"SalaryAmount": "60350.00",
		"GenderCode": "M",
		"EmployeePictureURL": "../localService/mockdata/images/male_3_SmithJo.jpg",
		"FirstName": "John",
		"MiddleName": "",
		"LastName": "Smith",
		"FormattedName": "John Smith",
		"Initials": ""
	},
	{
		"Employee": "400000012",
		"PreferredLanguage": "EN",
		"PhoneNumber": "+49 351 58116224",
		"MobilePhoneNumber": "+49 170 2200434",
		"EmailAddress": "joanne.rush@itelo.info",
		"EmploymentStartDate": "/Date(946684800000)/",
		"EmploymentEndDate": "/Date(253402214400000)/",
		"SalaryCurrency": "USD",
		"SalaryAmount": "70000.00",
		"GenderCode": "F",
		"EmployeePictureURL": "../localService/mockdata/images/female_1_RushJ.jpg",
		"FirstName": "Joanne",
		"MiddleName": "",
		"LastName": "Rush",
		"FormattedName": "Joanne Rush",
		"Initials": ""
	},
	{
		"Employee": "400000013",
		"PreferredLanguage": "EN",
		"PhoneNumber": "+1 224 374525",
		"MobilePhoneNumber": "+1 415 2652709",
		"EmailAddress": "sue.bay@itelo.info",
		"EmploymentStartDate": "/Date(946684800000)/",
		"EmploymentEndDate": "/Date(253402214400000)/",
		"SalaryCurrency": "USD",
		"SalaryAmount": "98631.00",
		"GenderCode": "F",
		"EmployeePictureURL": "../localService/mockdata/images/female_6_BaySu.jpg",
		"FirstName": "Sue",
		"MiddleName": "",
		"LastName": "Bay",
		"FormattedName": "Sue Bay",
		"Initials": ""
	},
	{
		"Employee": "400000014",
		"PreferredLanguage": "EN",
		"PhoneNumber": "+1 224 374526",
		"MobilePhoneNumber": "+44 7966 975580",
		"EmailAddress": "james.field@itelo.info",
		"EmploymentStartDate": "/Date(946684800000)/",
		"EmploymentEndDate": "/Date(253402214400000)/",
		"SalaryCurrency": "USD",
		"SalaryAmount": "76395.00",
		"GenderCode": "M",
		"EmployeePictureURL": "../localService/mockdata/images/male_5_FieldJ.jpg",
		"FirstName": "James",
		"MiddleName": "",
		"LastName": "Field",
		"FormattedName": "James Field",
		"Initials": ""
	},
	{
		"Employee": "400000015",
		"PreferredLanguage": "EN",
		"PhoneNumber": "+44 2089 178070",
		"MobilePhoneNumber": "+44 7966 975127",
		"EmailAddress": "hermann.hecker@itelo.info",
		"EmploymentStartDate": "/Date(946684800000)/",
		"EmploymentEndDate": "/Date(253402214400000)/",
		"SalaryCurrency": "USD",
		"SalaryAmount": "39874.00",
		"GenderCode": "M",
		"EmployeePictureURL": "../localService/mockdata/images/male_16_HeckerH.jpg",
		"FirstName": "Hermann",
		"MiddleName": "",
		"LastName": "Hecker",
		"FormattedName": "Hermann Hecker",
		"Initials": ""
	},
	{
		"Employee": "400000016",
		"PreferredLanguage": "EN",
		"PhoneNumber": "+49 304 1092539",
		"MobilePhoneNumber": "+49 160 90819927",
		"EmailAddress": "rudolf.platte@itelo.info",
		"EmploymentStartDate": "/Date(946684800000)/",
		"EmploymentEndDate": "/Date(253402214400000)/",
		"SalaryCurrency": "USD",
		"SalaryAmount": "45983.00",
		"GenderCode": "M",
		"EmployeePictureURL": "../localService/mockdata/images/male_15_PlatteR.jpg",
		"FirstName": "Rudolf",
		"MiddleName": "",
		"LastName": "Platte",
		"FormattedName": "Rudolf Platte",
		"Initials": ""
	},
	{
		"Employee": "400000017",
		"PreferredLanguage": "EN",
		"PhoneNumber": "+1 310 6615531",
		"MobilePhoneNumber": "+1 323 4731135",
		"EmailAddress": "al.wallace@itelo.info",
		"EmploymentStartDate": "/Date(946684800000)/",
		"EmploymentEndDate": "/Date(253402214400000)/",
		"SalaryCurrency": "USD",
		"SalaryAmount": "55426.00",
		"GenderCode": "M",
		"EmployeePictureURL": "../localService/mockdata/images/male_13_WallaceA.jpg",
		"FirstName": "Al",
		"MiddleName": "",
		"LastName": "Wallace",
		"FormattedName": "Al Wallace",
		"Initials": ""
	},
	{
		"Employee": "400000018",
		"PreferredLanguage": "EN",
		"PhoneNumber": "+1 559 5932183",
		"MobilePhoneNumber": "+1 559 5932184",
		"EmailAddress": "jonathan.east@itelo.info",
		"EmploymentStartDate": "/Date(946684800000)/",
		"EmploymentEndDate": "/Date(253402214400000)/",
		"SalaryCurrency": "USD",
		"SalaryAmount": "55427.00",
		"GenderCode": "M",
		"EmployeePictureURL": "../localService/mockdata/images/male_12_EastJ.jpg",
		"FirstName": "Jonathan",
		"MiddleName": "",
		"LastName": "East",
		"FormattedName": "Jonathan East",
		"Initials": ""
	},
	{
		"Employee": "400000019",
		"PreferredLanguage": "EN",
		"PhoneNumber": "+49 6227 770282",
		"MobilePhoneNumber": "+49 151 57118524",
		"EmailAddress": "james.smith@itelo.info",
		"EmploymentStartDate": "/Date(946684800000)/",
		"EmploymentEndDate": "/Date(253402214400000)/",
		"SalaryCurrency": "USD",
		"SalaryAmount": "38761.00",
		"GenderCode": "M",
		"EmployeePictureURL": "../localService/mockdata/images/male_14_SmithJ.jpg",
		"FirstName": "James",
		"MiddleName": "",
		"LastName": "Smith",
		"FormattedName": "James Smith",
		"Initials": ""
	},
	{
		"Employee": "400000020",
		"PreferredLanguage": "EN",
		"PhoneNumber": "+44 2089 176782",
		"MobilePhoneNumber": "+44 7808 575782",
		"EmailAddress": "megan.wang@itelo.info",
		"EmploymentStartDate": "/Date(946684800000)/",
		"EmploymentEndDate": "/Date(253402214400000)/",
		"SalaryCurrency": "USD",
		"SalaryAmount": "57985.00",
		"GenderCode": "F",
		"EmployeePictureURL": "../localService/mockdata/images/female_4_WangM.jpg",
		"FirstName": "Megan",
		"MiddleName": "",
		"LastName": "Wang",
		"FormattedName": "Megan Wang",
		"Initials": ""
	},
	{
		"Employee": "400000021",
		"PreferredLanguage": "EN",
		"PhoneNumber": "+1 973 2110509",
		"MobilePhoneNumber": "+1 973 2161209",
		"EmailAddress": "anna.lerch@itelo.info",
		"EmploymentStartDate": "/Date(946684800000)/",
		"EmploymentEndDate": "/Date(253402214400000)/",
		"SalaryCurrency": "USD",
		"SalaryAmount": "58768.00",
		"GenderCode": "F",
		"EmployeePictureURL": "../localService/mockdata/images/female_5_LerchA.jpg",
		"FirstName": "Anna",
		"MiddleName": "",
		"LastName": "Lerch",
		"FormattedName": "Anna Lerch",
		"Initials": ""
	},
	{
		"Employee": "400000022",
		"PreferredLanguage": "EN",
		"PhoneNumber": "+1 212 5539574",
		"MobilePhoneNumber": "+1 917 7159652",
		"EmailAddress": "clark.kent@itelo.info",
		"EmploymentStartDate": "/Date(946684800000)/",
		"EmploymentEndDate": "/Date(253402214400000)/",
		"SalaryCurrency": "USD",
		"SalaryAmount": "57000.00",
		"GenderCode": "M",
		"EmployeePictureURL": "../localService/mockdata/images/male_18_KentC.jpg",
		"FirstName": "Clark",
		"MiddleName": "",
		"LastName": "Kent",
		"FormattedName": "Clark Kent",
		"Initials": ""
	},
	{
		"Employee": "400000023",
		"PreferredLanguage": "EN",
		"PhoneNumber": "+1 212 7539545",
		"MobilePhoneNumber": "+1 315 8852092",
		"EmailAddress": "catherine.jones@itelo.info",
		"EmploymentStartDate": "/Date(946684800000)/",
		"EmploymentEndDate": "/Date(253402214400000)/",
		"SalaryCurrency": "USD",
		"SalaryAmount": "59000.00",
		"GenderCode": "F",
		"EmployeePictureURL": "../localService/mockdata/images/female_12_JonesC.jpg",
		"FirstName": "Catherine",
		"MiddleName": "",
		"LastName": "Jones",
		"FormattedName": "Catherine Jones",
		"Initials": ""
	},
	{
		"Employee": "400000024",
		"PreferredLanguage": "EN",
		"PhoneNumber": "+1 812 6539906",
		"MobilePhoneNumber": "+1 630 2296680",
		"EmailAddress": "peter.douglas@itelo.info",
		"EmploymentStartDate": "/Date(946684800000)/",
		"EmploymentEndDate": "/Date(253402214400000)/",
		"SalaryCurrency": "USD",
		"SalaryAmount": "1500000.00",
		"GenderCode": "M",
		"EmployeePictureURL": "../localService/mockdata/images/male_8_DouglasP.jpg",
		"FirstName": "Peter",
		"MiddleName": "",
		"LastName": "Douglas",
		"FormattedName": "Peter Douglas",
		"Initials": ""
	},
	{
		"Employee": "400000025",
		"PreferredLanguage": "EN",
		"PhoneNumber": "+1 212 5951134",
		"MobilePhoneNumber": "+1 607 2088417",
		"EmailAddress": "frank.brown@itelo.info",
		"EmploymentStartDate": "/Date(946684800000)/",
		"EmploymentEndDate": "/Date(253402214400000)/",
		"SalaryCurrency": "USD",
		"SalaryAmount": "53021.00",
		"GenderCode": "M",
		"EmployeePictureURL": "../localService/mockdata/images/male_17_BrownF.jpg",
		"FirstName": "Frank",
		"MiddleName": "",
		"LastName": "Brown",
		"FormattedName": "Frank Brown",
		"Initials": ""
	},
	{
		"Employee": "400000026",
		"PreferredLanguage": "EN",
		"PhoneNumber": "+1 650 4221832",
		"MobilePhoneNumber": "+1 657 4220732",
		"EmailAddress": "barbara.ingalls@itelo.info",
		"EmploymentStartDate": "/Date(946684800000)/",
		"EmploymentEndDate": "/Date(253402214400000)/",
		"SalaryCurrency": "USD",
		"SalaryAmount": "63443.00",
		"GenderCode": "F",
		"EmployeePictureURL": "../localService/mockdata/images/female_3_IngallsB.jpg",
		"FirstName": "Barbara",
		"MiddleName": "",
		"LastName": "Ingalls",
		"FormattedName": "Barbara Ingalls",
		"Initials": ""
	},
	{
		"Employee": "400000027",
		"PreferredLanguage": "EN",
		"PhoneNumber": "+44 1628 661186",
		"MobilePhoneNumber": "+44 7748 711945",
		"EmailAddress": "peter.fuchs@itelo.info",
		"EmploymentStartDate": "/Date(946684800000)/",
		"EmploymentEndDate": "/Date(253402214400000)/",
		"SalaryCurrency": "USD",
		"SalaryAmount": "71344.00",
		"GenderCode": "M",
		"EmployeePictureURL": "../localService/mockdata/images/male_20_FuchsP.jpg",
		"FirstName": "Peter",
		"MiddleName": "",
		"LastName": "Fuchs",
		"FormattedName": "Peter Fuchs",
		"Initials": ""
	},
	{
		"Employee": "400000028",
		"PreferredLanguage": "EN",
		"PhoneNumber": "+44 0171 184338",
		"MobilePhoneNumber": "+44 7917 173444",
		"EmailAddress": "mary.watson@itelo.info",
		"EmploymentStartDate": "/Date(946684800000)/",
		"EmploymentEndDate": "/Date(253402214400000)/",
		"SalaryCurrency": "USD",
		"SalaryAmount": "64222.00",
		"GenderCode": "F",
		"EmployeePictureURL": "../localService/mockdata/images/female_13_WatsonM.jpg",
		"FirstName": "Mary",
		"MiddleName": "",
		"LastName": "Watson",
		"FormattedName": "Mary Watson",
		"Initials": ""
	},
	{
		"Employee": "400000029",
		"PreferredLanguage": "EN",
		"PhoneNumber": "+1 212 2961879",
		"MobilePhoneNumber": "+1 646 1096875",
		"EmailAddress": "karl.kessler@itelo.info",
		"EmploymentStartDate": "/Date(946684800000)/",
		"EmploymentEndDate": "/Date(253402214400000)/",
		"SalaryCurrency": "USD",
		"SalaryAmount": "97455.00",
		"GenderCode": "M",
		"EmployeePictureURL": "../localService/mockdata/images/male_21_KesslerK.jpg",
		"FirstName": "Karl",
		"MiddleName": "",
		"LastName": "Kessler",
		"FormattedName": "Karl Kessler",
		"Initials": ""
	},
	{
		"Employee": "400000030",
		"PreferredLanguage": "EN",
		"PhoneNumber": "+33 14 517-9410",
		"MobilePhoneNumber": "+33 62041 8587",
		"EmailAddress": "nora.dwyer@itelo.info",
		"EmploymentStartDate": "/Date(946684800000)/",
		"EmploymentEndDate": "/Date(253402214400000)/",
		"SalaryCurrency": "USD",
		"SalaryAmount": "50000.00",
		"GenderCode": "F",
		"EmployeePictureURL": "../localService/mockdata/images/female_14_DwyerN.jpg",
		"FirstName": "Nora",
		"MiddleName": "",
		"LastName": "Dwyer",
		"FormattedName": "Nora Dwyer",
		"Initials": ""
	},
	{
		"Employee": "400000031",
		"PreferredLanguage": "EN",
		"PhoneNumber": "+49 30 41012482",
		"MobilePhoneNumber": "+49 151 57228513",
		"EmailAddress": "fisher.richard@itelo.info",
		"EmploymentStartDate": "/Date(946684800000)/",
		"EmploymentEndDate": "/Date(253402214400000)/",
		"SalaryCurrency": "EUR",
		"SalaryAmount": "67234.00",
		"GenderCode": "M",
		"EmployeePictureURL": "../localService/mockdata/images/male_25_FisherR.jpg",
		"FirstName": "Richard",
		"MiddleName": "",
		"LastName": "Fisher",
		"FormattedName": "Richard Fisher",
		"Initials": ""
	},
	{
		"Employee": "400000032",
		"PreferredLanguage": "EN",
		"PhoneNumber": "+49 30 41092482",
		"MobilePhoneNumber": "+49 1515 7118329",
		"EmailAddress": "carol.aranda@itelo.info",
		"EmploymentStartDate": "/Date(946684800000)/",
		"EmploymentEndDate": "/Date(253402214400000)/",
		"SalaryCurrency": "EUR",
		"SalaryAmount": "4457.00",
		"GenderCode": "F",
		"EmployeePictureURL": "../localService/mockdata/images/female_15_arandaC.jpg",
		"FirstName": "Carol",
		"MiddleName": "",
		"LastName": "Aranda",
		"FormattedName": "Carol Aranda",
		"Initials": ""
	},
	{
		"Employee": "400000033",
		"PreferredLanguage": "EN",
		"PhoneNumber": "+49 30 41091664",
		"MobilePhoneNumber": "+49 160 90832165",
		"EmailAddress": "nam.huik@itelo.info",
		"EmploymentStartDate": "/Date(946684800000)/",
		"EmploymentEndDate": "/Date(253402214400000)/",
		"SalaryCurrency": "EUR",
		"SalaryAmount": "5105.00",
		"GenderCode": "F",
		"EmployeePictureURL": "../localService/mockdata/images/female_16_kimNH.jpg",
		"FirstName": "Nam",
		"MiddleName": "Hui",
		"LastName": "Kim",
		"FormattedName": "Nam Kim",
		"Initials": ""
	},
	{
		"Employee": "400000034",
		"PreferredLanguage": "EN",
		"PhoneNumber": "+49 30 41092275",
		"MobilePhoneNumber": "+49 151 12263706",
		"EmailAddress": "changf@itelo.info",
		"EmploymentStartDate": "/Date(946684800000)/",
		"EmploymentEndDate": "/Date(253402214400000)/",
		"SalaryCurrency": "EUR",
		"SalaryAmount": "3605.00",
		"GenderCode": "F",
		"EmployeePictureURL": "../localService/mockdata/images/female_17_changF.jpg",
		"FirstName": "Felicity",
		"MiddleName": "",
		"LastName": "Chang",
		"FormattedName": "Felicity Chang",
		"Initials": ""
	},
	{
		"Employee": "400000035",
		"PreferredLanguage": "EN",
		"PhoneNumber": "+49 30 31092271",
		"MobilePhoneNumber": "+49 163 4301346",
		"EmailAddress": "perezcf@itelo.info",
		"EmploymentStartDate": "/Date(946684800000)/",
		"EmploymentEndDate": "/Date(253402214400000)/",
		"SalaryCurrency": "EUR",
		"SalaryAmount": "3166.00",
		"GenderCode": "M",
		"EmployeePictureURL": "../localService/mockdata/images/male_19_perezC.jpg",
		"FirstName": "Crispin",
		"MiddleName": "",
		"LastName": "Perez",
		"FormattedName": "Crispin Perez",
		"Initials": ""
	},
	{
		"Employee": "400000036",
		"PreferredLanguage": "EN",
		"PhoneNumber": "+49 30 41082265",
		"MobilePhoneNumber": "+49 151 57128731",
		"EmailAddress": "kimuray@itelo.info",
		"EmploymentStartDate": "/Date(946684800000)/",
		"EmploymentEndDate": "/Date(253402214400000)/",
		"SalaryCurrency": "EUR",
		"SalaryAmount": "3266.00",
		"GenderCode": "M",
		"EmployeePictureURL": "../localService/mockdata/images/male_20_kimuraY.jpg",
		"FirstName": "Yoshihiro",
		"MiddleName": "",
		"LastName": "Kimura",
		"FormattedName": "Yoshihiro Kimura",
		"Initials": ""
	},
	{
		"Employee": "400000037",
		"PreferredLanguage": "EN",
		"PhoneNumber": "+49 30 41093387",
		"MobilePhoneNumber": "+49 160 90840191",
		"EmailAddress": "ngoc@itelo.info",
		"EmploymentStartDate": "/Date(946684800000)/",
		"EmploymentEndDate": "/Date(253402214400000)/",
		"SalaryCurrency": "EUR",
		"SalaryAmount": "3266.00",
		"GenderCode": "M",
		"EmployeePictureURL": "../localService/mockdata/images/male_22_ngoC.jpg",
		"FirstName": "Christopher",
		"MiddleName": "",
		"LastName": "Ngo",
		"FormattedName": "Christopher Ngo",
		"Initials": ""
	},
	{
		"Employee": "400000038",
		"PreferredLanguage": "EN",
		"PhoneNumber": "+49 30 41093387",
		"MobilePhoneNumber": "+49 160 90840191",
		"EmailAddress": "user.epm@itelo.info",
		"EmploymentStartDate": "/Date(946684800000)/",
		"EmploymentEndDate": "/Date(253402214400000)/",
		"SalaryCurrency": "USD",
		"SalaryAmount": "3266.00",
		"GenderCode": "M",
		"EmployeePictureURL": "../localService/mockdata/images/male.jpg",
		"FirstName": "EPM",
		"MiddleName": "Demo",
		"LastName": "User",
		"FormattedName": "EPM User",
		"Initials": ""
	}
]